Data Source,World Development Indicators
Indicator,"Primary completion rate female (% of relevant age group)"
Last Updated Date,2020-07-01
Number of Countries,264,,,,,,,,,,,,,,,,,,,,,,,,,,,,,,,,,,,,,,,,,,,,,,,,,,,,,,,,,
Country Name,1960,1961,1962,1963,1964,1965,1966,1967,1968,1969,1970,1971,1972,1973,1974,1975,1976,1977,1978,1979,1980,1981,1982,1983,1984,1985,1986,1987,1988,1989,1990,1991,1992,1993,1994,1995,1996,1997,1998,1999,2000,2001,2002,2003,2004,2005,2006,2007,2008,2009,2010,2011,2012,2013,2014,2015,2016,2017,2018,2019
Aruba,,,,,,,,,,,,,,,,,,,,,,,,,,,,,,,,,,,,,,,,102.5,97.12557,100.14577,99.71989,88.14016,88.32685,88.5101,91.85464,97.8233,98.03665,94.00799,97.84076,,,101.25523,101.55587,,,,,,
Afghanistan,,,,,,,,,,,,,,,4.3618,,,5.50816,6.358,,9.05294,12.8376,,,10.74617,10.85997,,,,,,,,14.1204,,,,,,,,,,,,,,,,,,,,,,,64.42105,66.68888,67.1293,,
Angola,,,,,,,,,,,,,,,,,,,,,,,,,,,,,,,,,,,,,,,,,,,,,,,,,34.63104,34.35043,33.91703,33.54657,,,,,,,,,
Albania,,,,,,,,,,,,,,,,,,,,,,,,,,,,,,,,,,,,,92.22416,,,,97.50543,97.24937,,95.33894,94.2114,,,97.45506,92.81811,91.4561,88.61092,94.35333,99.58724,88.68979,103.73115,100.38872,102.29765,103.63323,104.65677,,
Andorra,,,,,,,,,,,,,,,,,,,,,,,,,,,,,,,,,,,,,,,,,,,,,,,,,,,,,,,,,,,,,
Arab World,,,,,,,,,,,36.99917,36.90458,36.70346,38.04315,39.51625,41.83683,43.51669,45.28357,44.23672,41.57291,45.60063,48.84112,50.27496,51.84529,54.27344,58.09186,57.87202,58.28368,59.10164,59.53387,61.11726,61.61247,62.64026,63.13975,64.27771,65.65237,67.02319,68.19076,69.52004,70.78449,70.65801,71.85585,73.18428,75.50472,77.52604,78.25203,76.99776,78.81742,80.15233,79.32712,80.79252,82.02822,84.19005,82.63717,83.47578,83.36474,82.71342,82.6801,83.33913,,
United Arab Emirates,,,,,,,,,,,,,,,33.1729,41.29671,45.37954,53.36914,56.59499,62.90753,67.54074,71.16494,78.1071,78.79328,77.71396,72.79082,77.28397,78.42007,75.67989,81.59208,89.10691,95.52061,94.81907,93.04725,92.44746,90.29076,86.45726,88.54812,86.53864,85.82493,82.17167,78.60257,79.75221,,,,,98.63422,,,,,94.19589,97.33055,100.79582,104.41978,,,,,
Argentina,,,,,,,,,,,74.23158,74.7093,,,,81.2125,81.0347,,,,,,,,,,,,,,,,,,,,94.32851,93.25161,100.60731,97.51628,97.47156,97.09464,100.84929,98.35381,96.72996,94.81124,97.14913,99.95811,103.09781,103.1103,103.14532,103.65785,102.99412,101.17521,102.59039,102.47733,104.33489,99.69321,,,
Armenia,,,,,,,,,,,,,,,,,,,,,,,,,,,,,,,,,,,,,,,,,,,94.08288,89.72151,99.18153,93.23462,94.96553,103.48577,106.82256,,96.47327,95.5321,95.65741,,96.51784,95.76216,91.66858,92.53566,89.51942,,
American Samoa,,,,,,,,,,,,,,,,,,,,,,,,,,,,,,,,,,,,,,,,,,,,,,,,,,,,,,,,,,,,,
Antigua and Barbuda,,,,,,,,,,,,,,,,80.5492,79.39815,,,,,,,,,,,,,,,,82.00637,,,,,,,,,,,,,,,,110.01353,100.93209,104.85564,98.15547,,,101.71184,91.0275,,96.62757,98.9645,,
Australia,,,,,,,,,,,,,,,,,,,,,,,,,,,,,,,,,,,,,,,,,,,,,,,,,,,,,,,,,,,,,
Austria,,,,,,,,,,,,95.71384,97.68053,97.9356,,,,,,,,,,,,,,,,,,,,,,,,,100.74256,101.14291,,,99.84864,,98.29583,,,,,,,96.20503,97.21525,97.05647,99.00877,99.93681,99.59905,100.0429,,,
Azerbaijan,,,,,,,,,,,,,,,,,,,,,,,,,,,,,,,,,,98.07943,91.61665,95.12796,85.85389,97.25412,94.49772,91.76932,85.49743,93.9815,100.99123,90.24809,94.8575,89.6128,90.93143,98.49185,89.7156,91.42844,88.97885,92.18356,91.59459,86.54668,97.61052,101.61833,109.72021,107.61838,100.64121,,
Burundi,,,,,,,,,,,,2.97773,,6.55691,7.26678,7.9182,7.72351,7.77984,8.07441,8.41539,8.57826,8.69971,10.51833,14.29826,19.50168,19.86484,21.16773,20.66772,29.53869,26.62886,33.59184,42.20252,42.19363,45.31246,,,,,,,22.14349,22.11834,22.25995,25.18435,25.74208,29.60235,,35.40186,38.65556,46.6973,50.37583,56.40349,64.54913,74.14279,74.30272,69.50149,73.10591,73.53196,67.89185,,
Belgium,,,,,,,,,,,,,,,69.20464,70.3104,71.26572,74.02082,74.43075,69.30527,69.9736,76.19699,80.42787,74.53455,77.89628,75.84951,74.51909,73.73841,75.56976,,,82.71798,,,,,,,,,,,,,,,,,,,,,,,,,,,,,
Benin,,,,,,,,,,,,10.03629,11.96336,12.29549,11.36728,13.12827,14.38663,13.62222,15.55474,17.08527,19.65253,18.33162,21.44456,20.25565,18.27642,20.22237,18.47148,17.80018,16.80737,16.71564,11.44953,13.67124,13.59915,14.91378,16.31611,19.49254,20.33333,22.09301,24.03698,,26.03679,29.05467,30.69404,35.17988,40.4329,,,,53.49989,,58.19507,64.07581,65.53871,71.55159,73.55081,76.10626,76.0318,,,,
Burkina Faso,,,,,,,,,,,,4.74338,4.60242,4.92183,5.01669,5.54791,5.44739,6.3546,6.35499,6.86347,6.7223,7.2905,7.52299,8.20574,9.47733,10.10116,,11.58627,12.41935,12.17051,14.2316,15.12521,21.70019,19.46671,20.4941,15.28254,18.03737,,,19.20854,20.87019,21.61344,22.83926,24.79712,26.16309,27.46569,28.87025,30.68523,34.31217,40.44662,44.11442,,56.03268,62.51212,62.71222,63.5569,64.0678,66.35379,68.46311,,
Bangladesh,,,,,,,,,,,,,,,,,29.57921,,,,,22.12022,,,,,,,,,,,,,,,,,,,,,,,,68.86967,,,61.98921,68.49995,71.76452,,,,,,,,,,
Bulgaria,,,,,,,,,,,,,,,,,,,,,,,,,,,100.65331,102.16692,102.83684,102.117,99.11635,91.26589,87.26235,85.88748,88.31965,87.7535,90.39154,94.24999,93.3382,94.84747,95.69368,100.59505,95.85657,96.64619,98.15389,99.04257,99.49169,100.88704,94.078,101.92262,113.76898,110.0031,101.26888,98.25095,97.65895,95.77265,91.75953,89.12433,,,
Bahrain,,,,,,,,,,,,,,,,,,,,,,,81.91489,84.14322,88.82142,89.36851,89.32014,93.72105,99.87428,107.42369,,104.95868,100.92093,98.83268,96.45346,96.73279,94.08552,,95.6953,99.20015,99.21173,98.85118,100.9498,100.24691,105.35198,104.73882,,,,,,91.95087,93.60654,92.93046,96.31267,100.23442,103.0401,100.38453,99.27618,,
Bahamas,,,,,,,,,,,,,,,,,,,,,,,,,,,,,,,,,,,,,,,,84.24633,,,,,,102.0649,93.4846,94.13452,92.52366,91.06863,82.67913,91.42946,87.85538,79.01426,80.07472,87.02433,77.32087,,74.85179,,
Bosnia and Herzegovina,,,,,,,,,,,,,,,,,,,,,,,,,,,,,,,,,,,,,,,,,,,,,,,,,,,,,,,,,,,,,
Belarus,,,,,,,,,,,,,,,,,,,,,,,,,,,,,,,,,,96.34129,97.07528,94.13198,94.42918,93.99609,,98.27453,102.19348,106.35696,132.15808,103.27584,100.9031,96.38335,95.87582,95.43004,98.89354,,,107.4222,103.84818,100.09701,98.75614,96.5204,97.59322,101.45637,104.64495,,
Belize,,,,,,,,,,,,,,,,,,,,,,,,,,,,,,,,,93.56474,,,89.43812,95.0565,,,98.05758,97.40304,102.03883,,99.14868,97.62893,97.83487,95.95733,101.39726,95.51557,101.21597,98.27541,104.61379,109.00231,101.58042,100.73848,103.56593,105.70461,102.4268,104.11765,,
Bermuda,,,,,,,,,,,,,,,,72.80405,,,,,,,,,,,,,,,,,,,,,,,,,,92.52336,100.94118,97.87234,,,,,,,,88.29787,84.55285,97.51381,,,,,,,
Bolivia,,,,,,,,,,,,,,,,,,,,,,,,,,,,,,,,,,,,,,,,,,,,,,,,,,,97.55014,97.1991,97.91981,94.89639,90.85175,88.31674,89.59416,91.03054,94.22059,,
Brazil,,,,,,,,,,,,,,,,,,,,,,,,,,,,,,,,,,,,,,,,,,,,,,,,,,,,,,,,,,,,,
Barbados,,,,,,,,,,,,,,,,,,,,,,,,,,,,,,,,,,,,,,,,92.57028,96.38736,105.92925,103.89027,106.9965,95.13297,92.49112,90.64116,92.28346,95.63598,97.63441,98.16712,99.03485,,,,,,,89.92072,,
Brunei Darussalam,,,,,,,,,,,,,104.75372,104.09066,111.66667,93.79968,106.66667,101.88199,106.33037,99.04306,86.60838,91.75947,77.34711,85.76779,53.96698,,131.26473,,,,,,,,,,,109.10317,111.99741,111.85486,109.9019,112.94942,111.07413,114.0879,110.19796,110.66826,107.94545,107.32138,105.11397,101.72012,104.53614,110.28369,106.49583,105.87178,100.15092,103.25653,,106.38367,108.37766,,
Bhutan,,,,,,,,,,,,,,,,,,,4.28041,4.85192,,,,,,,,,,,,,,20.03676,24.53894,,,,41.04642,45.78506,47.5205,48.17658,,,,,71.23567,,81.61458,84.7279,93.03721,91.89043,101.00523,98.83981,101.97387,,105.9708,104.40112,,,
Botswana,,,,,,,,,,,44.20317,50.88344,58.22485,,,,,,,79.79729,,93.25972,96.4611,87.65049,87.86371,95.07011,103.82655,104.89557,100.08263,99.13139,101.3846,102.20274,102.60067,101.48873,107.60017,102.89752,104.24871,,102.16781,100.11783,99.26946,102.1232,102.20869,101.90774,100.86824,101.69379,104.98095,100.51712,101.38249,101.89742,,,102.99212,102.38184,,,,,,,
Central African Republic,,,,,,,,,,,,11.04707,12.95792,15.47799,14.50671,17.16602,18.71306,,19.47383,,,18.48127,18.0552,15.81905,,,27.36656,20.09537,21.28013,19.90466,19.68846,20.29978,15.94619,,,,,,,,,,,,17.54551,19.50338,20.21845,,25.99743,28.48298,28.98207,31.53236,33.57922,,,,32.8342,,,,
Canada,,,,,,,,,,,,,,,,,,,,,,,,,,,,,,,,,,,,,,,95.06452,96.55122,97.8916,,,,,,,,,,,,,,,,,,,,
Central Europe and the Baltics,,,,,,,,,,,,,,,,,,,,,,,,,,,,,,94.59684,93.24717,91.27933,91.33561,91.90546,92.25064,92.84285,94.91263,96.73203,96.25812,95.56732,95.6847,97.25927,96.57568,97.18013,98.49678,97.40351,96.10877,95.46384,94.50662,95.69396,97.11954,97.34693,96.42529,97.07573,96.9564,97.98145,97.89942,100.1258,100.1548,,
Switzerland,,,,,,,,,,,,,,,,,,52.92633,59.64401,57.59915,55.84957,53.0262,52.37346,52.83415,52.29898,50.95599,50.36306,50.2105,49.17475,50.80881,51.71511,54.03436,55.92213,60.71254,61.81707,,73.19424,,,97.26513,98.45278,99.11661,99.68644,100.17792,101.00842,98.35365,95.28515,94.50802,95.42902,97.82582,97.8372,97.89385,98.7757,97.40299,96.35061,97.02373,97.66939,98.73053,,,
Channel Islands,,,,,,,,,,,,,,,,,,,,,,,,,,,,,,,,,,,,,,,,,,,,,,,,,,,,,,,,,,,,,
Chile,,,,,,,,,,,80.02723,87.74863,92.20131,93.85871,91.89622,92.26433,94.50874,91.18286,,,,,,98.16339,,,,,,,,,,,,,,,,,,,,,,,,,,,,95.82259,98.91621,98.27724,98.89923,96.83778,94.91738,94.13013,,,
China,,,,,,,,,,,,,,,,,,,,,,,,,,,,,,,,,,,,,90.37236,88.26854,,,,,,,,,91.4194,93.01661,98.78208,97.66328,,,,,,,,,,,
Cote d'Ivoire,,,,,,,,,,,,,,23.23012,23.80002,,31.20166,34.1464,35.7251,37.02488,39.78127,43.64449,,41.46598,40.15944,36.45151,35.57387,36.14303,35.52115,34.539,32.27518,33.80903,31.67627,32.77629,33.55341,32.24406,33.21258,31.06,32.38756,,33.43849,38.97463,,,,,33.17408,36.55606,,37.91008,,47.14712,46.50365,46.73024,48.22646,54.33405,58.38893,64.68261,,,
Cameroon,,,,,,,,,,,,,,38.77144,38.80416,40.89274,42.71331,44.21616,54.01448,45.96244,45.32662,45.78875,45.3859,45.93901,47.51181,48.95168,49.26618,50.92444,49.7204,,54.23119,50.93682,,,,,,,,44.24904,46.06727,,,52.22859,53.38417,,46.73495,49.06391,64.02788,63.81069,65.97015,65.22852,68.93683,,68.33538,70.17029,69.44744,64.69408,61.21668,,
"Congo, Dem. Rep.",,,,,,,,,,,,21.06776,23.05197,,,,34.50054,38.14192,41.64547,,43.1256,46.38617,48.2635,51.93892,55.73892,,,,36.61256,,,38.95988,36.20647,45.26673,37.17543,,,,,32.25813,,,34.29205,,,,,44.78392,49.69059,51.79491,54.74396,54.94471,60.60849,62.68452,,70.33311,,,,,
"Congo, Rep.",,,,,,,,,,,,,48.87165,57.59515,46.65051,56.41666,60.58477,63.29453,64.8752,71.24141,73.2627,73.96053,72.79458,69.82513,71.23032,70.17676,72.28995,73.66495,73.038,67.02897,58.23,49.68729,61.99154,62.23354,52.65006,,49.63282,,,31.97123,,56.5223,58.63913,54.23509,76.83693,67.56289,72.29999,71.84729,67.1419,65.87462,66.25349,74.24105,75.90188,,,,,,,,
Colombia,,,,,,,,,,,35.78015,53.18452,54.1419,57.42449,58.44444,,,,,,,,75.24025,78.15633,77.78258,72.34123,70.58802,74.73058,74.17254,73.96185,86.86043,77.61591,89.76293,87.97133,86.38111,90.62122,91.81697,,98.07742,99.45536,98.68615,,95.25826,,102.33311,106.29671,112.69968,115.14825,114.82813,119.96297,118.43991,115.2384,109.1178,99.07472,98.60758,99.43529,101.14947,105.97451,105.75733,,
Comoros,,,,,,,,,,,,,,,,,,,,,,,,,,,55.39503,48.59588,,,,,42.11634,,,,,,,47.26137,,,54.58173,53.79292,60.44427,,,61.55029,64.27851,,,,,76.65896,80.48532,,,77.23447,,,
Cabo Verde,,,,,,,,,,,,,,,12.52087,13.79389,,15.31292,13.62398,15.02997,15.0457,25.25012,24.00195,19.64022,30.05997,30.68729,35.92109,40.37619,46.36527,,59.44654,,,,74.29311,,,,103.72117,,108.31963,100.32206,99.82526,101.277,96.7828,85.27743,98.38969,94.47965,102.32839,96.82029,100.07375,97.48734,97.16568,91.49549,91.91007,95.30651,90.13057,88.13062,89.3386,,
Costa Rica,,,,,,,,,,,75.37575,76.40733,85.99593,88.94543,87.41291,87.81124,83.33275,91.58764,89.0895,85.75704,86.19583,89.66035,90.1373,,,79.31034,78.81963,75.81501,76.42445,75.95189,,80.4404,82.43562,83.9421,83.01518,81.72074,84.16709,,,84.73879,89.54874,92.53456,93.61452,,94.45744,93.75507,91.29455,93.64821,96.2172,98.30652,99.89013,105.70381,103.4795,99.00431,98.14424,99.89063,98.15663,97.52011,99.14283,,
Caribbean small states,,,,,,,,,,,,,,,,92.51775,92.18331,94.51336,94.29611,95.3643,92.75872,94.58674,95.76332,94.64764,94.06596,91.33943,92.17829,94.12197,95.6755,97.72735,98.06509,97.13034,95.86141,94.05488,92.15357,90.2496,90.4996,91.15865,92.9935,94.68863,93.96296,88.52552,90.17721,89.1809,91.05254,91.79948,91.89394,91.43421,91.74846,92.77189,91.09068,92.67078,92.65825,91.75442,91.96364,92.31832,91.5725,91.83736,90.90475,,
Cuba,,,,,,,,,,,,72.27805,63.72822,,,,,,,,,,,,,,,,,,,,,,,,,,,94.79353,95.53234,95.94765,102.38937,99.04055,97.10443,98.35176,96.59128,94.99459,89.46589,95.86504,95.55158,96.1026,94.95478,94.77935,99.73029,97.86982,93.37154,90.33092,84.53137,,
Curacao,,,,,,,,,,,,,,,,,,,,,,,,,,,,,,,,,,,,,,,,,,,,,,,,,,,,,,,,,,,,,
Cayman Islands,,,,,,,,,,,,,,,,,,,,,,,,,,,,,,,,,,,,,,,,,,,,,,,,,,,,,,,,,,,,,
Cyprus,,,,,,,,,,,,88.79649,87.13011,84.92204,86.90808,78.92638,77.35913,71.37241,76.75545,83.12119,73.44852,90.23642,78.99704,78.44166,76.26992,58.44519,61.01412,68.77114,77.60135,76.51376,78.72302,83.92305,81.66694,100.55854,104.52595,99.81298,96.12532,99.21381,,99.82805,97.27323,98.57838,100.90276,103.19252,86.99913,99.85102,101.41141,99.95973,99.67638,103.32212,100.85892,101.55157,99.69033,97.85683,100.09721,97.79705,98.93182,101.15687,,,
Czech Republic,,,,,,,,,,,,,,,,,,,,,,,,,,,,,,,,,,97.74862,104.18098,,107.58054,,,99.67945,99.95541,99.71201,104.45094,98.33081,100.01361,98.61827,93.19715,95.01145,98.37384,103.80872,106.60491,103.19502,100.46293,100.24669,98.30654,96.10889,97.47838,97.5019,,,
Germany,,,,,,,,,,,,,,,,,,,,,,,,,,,,,,,,,,100.42071,96.5618,96.21008,96.77906,98.70239,,101.05931,104.03802,105.54239,101.50632,100.52162,98.95947,96.76303,98.57838,103.75445,101.99357,102.28052,101.95521,101.3036,98.82685,98.30923,97.24284,98.98635,98.30188,99.11704,,,
Djibouti,,,,,,,,,,,,,11.71569,12.63062,12.27997,14.0937,12.04354,,,,,,,,,,,,,,,,,,,,,,,19.12817,21.797,21.37562,,,,28.95325,34.21165,,41.35264,,,54.48617,,50.75243,60.25267,67.06704,69.2826,66.35029,69.90913,,
Dominica,,,,,,,,,,,,,,,,,,,,,,,,,,,,,111.75799,,,,,,,,,,,142.12272,125.52846,118.3056,102.71041,93.17872,96.32546,97.1867,86.19355,88.5906,84.9162,78.45706,76.03053,93.40836,96.58703,96.37681,104.26357,111.52263,115.59829,,,,
Denmark,,,,,,,,,,,,96.97919,93.91042,95.60545,94.32273,,,,,,,93.37783,91.31809,92.58417,97.35581,100.50729,96.85686,98.4761,102.96405,97.10753,95.6696,98.01112,97.28868,99.57841,97.35247,,,,101.8011,101.35924,99.89109,101.52771,105.9975,,100.93671,100.41093,102.27352,101.99514,101.36426,98.21628,99.36483,99.68857,98.99673,100.00603,99.23007,98.30833,102.66111,102.89711,,,
Dominican Republic,,,,,,,,,,,,36.33988,,,,,,,,,,,,,,,,,,,,,,,,,,,,77.10549,82.91964,,96.39409,,90.93814,,89.36895,95.12451,,93.69296,92.02974,94.05438,94.61764,94.85571,94.73499,97.85758,96.55679,94.35356,92.58232,,
Algeria,,,,,,,,,,,,,29.82791,31.922,33.29665,38.79357,44.38116,47.69562,50.17054,50.88246,51.87957,54.48283,58.21295,60.61132,63.91486,74.78868,62.91274,65.67869,67.05635,70.02317,69.49524,70.52942,73.77663,73.73846,73.65588,76.05147,79.89461,81.61375,,81.49223,79.90703,85.9997,87.86707,89.24715,91.53528,92.72462,82.64968,95.17526,106.98562,92.72837,95.36509,97.3098,101.29782,105.85917,108.90738,105.48757,105.56004,105.7507,105.62508,,
East Asia & Pacific (excluding high income),,,,,,,,,,,,,,,,,,,,,,,,,,,,,,,,,,,,92.28292,88.95965,87.55342,88.692,89.79387,91.25693,92.84539,92.37983,92.33725,92.23668,92.06519,91.78053,93.23028,96.855,96.64834,95.96934,94.29507,95.42886,95.02825,91.86265,90.33782,93.34467,95.98489,98.00462,,
Early-demographic dividend,,,,,,,,,,,41.23164,41.27825,41.60476,42.40466,42.71306,43.63884,44.61765,45.83509,46.66892,47.62003,49.37697,50.95293,52.80583,54.6646,56.96234,59.2002,60.61581,61.51705,62.74066,63.28676,63.83367,64.49313,65.62596,66.71041,67.73806,68.6812,68.6757,68.59131,69.00389,69.21016,71.0038,72.70063,74.66717,78.42155,80.61873,82.82023,83.77177,85.73497,87.53319,88.90061,89.48248,89.21008,91.96279,93.01537,93.70506,93.79461,93.13207,92.76575,93.28889,,
East Asia & Pacific,,,,,,,,,,,,,,,,,,,,,,,,,,,,,,,,,,,,92.30062,89.08491,87.67854,88.87037,90.0144,91.42745,92.95955,92.45289,92.55732,92.47472,92.30686,92.09327,93.50743,96.86086,96.69024,96.07521,94.63272,95.87654,95.37431,92.32465,91.00971,93.74659,96.14699,98.0512,,
Europe & Central Asia (excluding high income),,,,,,,,,,,,,,,,,,,,,,,,,,,,,,,,,95.75246,94.96736,94.81126,93.88528,93.33836,93.45606,93.43765,93.2085,93.09085,95.24557,96.38015,95.30317,96.30844,98.04133,96.25456,94.95044,95.70924,97.04405,97.591,98.87564,97.87766,98.18104,97.84305,98.59613,96.54911,96.61766,97.07086,,
Europe & Central Asia,,,,,,,,,,,,,,,,,,,,,,,,,,,,,,,,,96.8292,96.65843,96.19193,95.36125,95.32585,95.3956,95.46212,95.35893,95.54109,97.24928,97.56931,96.96836,97.26606,97.46569,96.4171,96.26891,96.73527,97.309,97.60127,98.19823,97.58277,97.74122,97.50554,98.33994,97.10794,97.42582,97.68131,,
Ecuador,,,,,,,,,,,,53.59485,53.91391,57.63532,59.76283,63.8272,68.27783,70.2687,69.71043,72.64905,75.6713,,,,,,,91.3753,94.93999,,,,,,95.82068,93.71134,93.12931,96.1542,,97.9752,97.85091,98.70852,97.94595,97.43133,97.01933,101.21966,100.10498,99.97157,,98.11614,104.20502,108.25586,109.24766,109.57426,113.02198,106.9525,103.98883,106.0291,104.92084,,
"Egypt, Arab Rep.",,,,,,,,,,,,41.73461,39.54059,42.22535,44.56649,46.27101,47.57163,47.54169,37.24914,23.8906,36.99266,44.34078,,,,,62.83475,,,,,,,,,,,83.48016,,89.53053,88.18682,86.86697,87.81994,87.01359,88.81866,88.33763,86.10126,89.04963,,92.30376,95.04538,,,100.98303,,,97.67213,97.62611,101.63324,,
Euro area,,,,,,,,,,,95.78863,95.79492,96.00871,96.12723,96.56434,98.22184,97.84771,97.85318,,97.14305,97.50204,97.3195,97.41402,96.97155,97.49865,97.77044,97.84018,96.75244,97.91843,97.78771,98.42453,98.48153,99.03526,99.10898,98.24388,97.14092,97.2069,96.92144,97.2769,97.54091,98.33511,99.39153,98.02882,97.86559,97.2012,95.80693,95.80961,97.44846,97.62983,97.20654,97.08918,96.87614,96.34379,96.11133,96.05116,96.90453,96.0592,96.40473,96.44077,,
Eritrea,,,,,,,,,,,,,,,,,,,,,,,,,,,,,,,,,,,22.30163,27.24312,34.32487,38.11613,,40.08637,43.74544,45.41971,42.17777,46.40356,51.9025,68.50227,68.1363,69.81533,73.21713,80.00194,70.22986,66.82819,59.91452,55.97177,,58.45611,,60.41933,56.1772,,
Spain,,,,,,,,,,,,,,,,,,,,,,100.36607,99.40774,99.65314,102.38657,103.51386,103.5263,102.11885,104.3677,100.14787,99.41647,,,101.06343,101.86041,,,,,,,,,,102.52804,,96.42649,97.15392,97.59377,97.62264,96.08686,96.17086,98.91407,99.43541,100.17382,103.74006,101.70184,101.37004,,,
Estonia,,,,,,,,,,,,,,,,,,,,,,,,,,,,,,,,,,,,80.53781,90.86212,,89.67785,94.34052,96.56325,102.73388,104.38818,105.13537,101.8667,101.64236,92.99053,93.87583,95.69651,98.71959,99.24438,101.30246,102.45455,103.61382,99.70685,99.06166,98.19063,97.42516,,,
Ethiopia,,,,,,,,,,,,,,,,,,,,,,,12.02962,,,,,19.20547,18.39068,17.79638,,,,,12.08402,11.30663,11.73732,,,14.06178,15.81701,19.64841,22.49532,25.49868,29.15413,36.09272,41.94139,42.4186,46.07886,50.10384,55.6559,50.28746,50.51939,,53.01526,52.99047,,,,,
European Union,,,,,,,,,,,,95.96028,96.00094,96.10955,,,,,,,97.68949,97.08959,96.92551,96.69843,97.35449,98.19276,97.85571,97.18659,97.84243,97.54692,97.54819,97.09867,97.56198,97.92716,97.43781,96.90976,97.45925,97.70967,97.72699,97.6599,98.1684,99.19744,98.30459,98.41984,98.23231,97.10401,96.74711,97.60902,97.50655,97.4426,97.72191,97.75525,97.24174,97.21294,97.09559,97.93033,97.33994,97.89438,97.94888,,
Fragile and conflict affected situations,,,,,,,,,,,28.64697,28.57106,29.00649,30.70087,31.31065,32.84456,33.95467,35.79571,37.2256,38.18187,39.22421,40.58484,41.43341,42.05094,43.61138,43.82051,44.43245,43.49103,43.47491,43.62361,44.13415,44.79846,44.80976,45.87919,45.05863,45.26384,45.62574,45.54661,45.87407,46.17477,47.57968,49.13437,49.98344,52.37923,54.0172,55.61652,56.64818,57.71946,59.44618,60.0266,61.49103,62.20787,63.38404,62.35526,63.12644,64.06674,64.69354,65.83476,65.91185,,
Finland,,,,,,,,,,,,,,,,,,,,,,,,,,,,104.51206,105.39645,105.38981,101.76368,96.82171,97.21461,96.21518,96.99781,99.96005,102.31235,,98.29495,95.62393,96.41261,102.49077,100.79427,101.64981,100.43527,99.51762,96.7492,98.3278,98.01123,97.56839,99.13519,98.16594,100.27122,98.62531,98.87331,98.71068,101.10573,101.12367,,,
Fiji,,,,,,,,,,,,,,,,,,,,,97.88119,98.70644,,96.16943,92.66821,94.54727,95.41938,,,,,,105.98543,,103.48824,104.57212,103.1229,102.62058,106.02423,99.90766,93.91744,98.94652,104.47744,,109.93066,,111.63121,,105.77124,105.31299,,104.19552,106.80236,106.20113,,110.75297,106.3197,,,,
France,,,,,,,,,,,,95.32172,94.77932,,,,,,,,,,,,,,,,,,,,,,,,,,,,,,,,,,,,,,,,,,,,,,,,
Faroe Islands,,,,,,,,,,,,,,,,,,,,,,,,,,,,,,,,,,,,,,,,,,,,,,,,,,,,,,,,,,,,,
"Micronesia, Fed. Sts.",,,,,,,,,,,,,,,,,,,,,,,,,,,,,,,,,,,,,,,,,,,,,,,,,,,,,,,,,,,,,
Gabon,,,,,,,,,,,,,53.4111,51.7641,,77.52845,77.46244,72.54617,71.06253,76.80522,74.63583,76.45679,79.22109,80.97725,70.74815,,,66.55828,65.91065,66.22391,,,62.75314,,,65.9517,68.17603,69.2733,,,,,74.90241,72.72784,,,,,,,,,,,,,,,,,
United Kingdom,,,,,,,,,,,,,,,,,,,,,,,,,,,,,,,,,,,,,,,,,,,,,,,,,,,,,,,,101.8872,100.82315,100.00245,,,
Georgia,,,,,,,,,,,,,,,,,,,,,,,,,,,,,,,,,,,,,,,,,120.18611,125.34766,123.25939,107.77038,115.20139,99.85424,,,103.33681,104.99571,106.93244,,101.56315,104.36372,103.5867,102.84986,114.76271,113.9881,96.34048,,
Ghana,,,,,,,,,,,,56.05979,50.7485,,45.45565,45.73993,47.14193,48.70908,49.00649,49.12445,50.7362,52.81704,,,,,,,,,,57.42336,59.50744,,,,,,,62.05666,64.72656,61.91652,63.63095,69.10136,61.99924,70.09132,67.54069,72.07396,77.7154,77.5609,,85.29879,104.09795,93.81213,92.74011,98.38965,,94.48328,94.60922,,
Gibraltar,,,,,,,,,,,,,,,,,,,,,,,,,,,,,,,,,,,,,,,,,,,,,,,,,,,,,,,,,95.25862,93.88646,,,
Guinea,,,,,,,,,,,,,,,,,,,,,,,,,10.33594,8.97772,8.51725,7.68019,5.94268,5.97789,8.18583,8.53832,8.61713,9.65666,10.60779,9.90097,,,14.11504,16.54704,19.5387,21.87656,25.74301,28.33241,36.85083,42.6111,47.79791,49.03439,42.81211,47.92487,46.68862,,53.81919,54.54648,55.9894,,51.20039,,,,
"Gambia, The",,,,,,,,,,,,11.33033,12.52525,12.37297,12.56463,14.82282,13.46617,10.79646,15.61494,15.11772,16.49285,17.0435,18.68862,20.60288,25.25834,28.23916,31.70257,34.63765,,31.14274,,,32.85727,33.05714,31.11833,35.42921,43.4729,38.85915,,60.12904,59.52947,60.48536,58.11527,62.56904,62.04341,60.58354,59.35604,67.38768,75.76903,,68.08864,64.97314,65.86605,67.95443,68.68222,69.86334,71.70182,,,,
Guinea-Bissau,,,,,,,,,,,,,,,,,,,,7.04373,3.97807,7.57277,8.13571,7.346,8.36417,,,6.26242,4.3147,,,,,,,,,,,,20.23878,,,,,,,,,,57.28281,,,,,,,,,,
Equatorial Guinea,,,,,,,,,,,,,,,,,,,,,,,,,,,,,,,,,,,34.23366,,,,,,39.43641,,,30.3912,,43.12034,,,39.90781,42.42072,44.90135,43.26526,44.79666,,,41.79885,,,,,
Greece,,,,,,,,,,,,97.77956,95.96332,93.84481,93.57768,95.23742,97.18833,99.51667,101.90851,102.45695,99.44843,97.53306,95.80443,96.92211,98.49707,100.35052,104.55106,95.92195,96.81522,94.96682,,,96.49221,,,,,,,,,,,,97.4172,95.75292,97.41864,96.16979,,,93.93567,91.91254,95.87631,93.81138,95.28412,96.39532,96.44103,95.91126,,,
Grenada,,,,,,,,,,,,,,,,,,,89.62188,91.80743,,,,95.10549,86.86192,,,,,,,,,,,,,,,92.14815,,,92.73469,106.65514,,108.30973,,105.94159,115.16096,123.2906,113.46578,,,104.19847,,,,113.48168,120.85967,,
Greenland,,,,,,,,,,,,,,,,,,,,,,,,,,,,,,,,,,,,,,,,,,,,,,,,,,,,,,,,,,,,,
Guatemala,,,,,,,,,,,,,,,,,27.22745,27.28447,28.11219,,,,,,,,,,,,,,,,,,41.18886,,,45.93376,50.73994,53.40099,57.37608,,63.16891,67.07896,70.77304,72.16599,75.27838,79.38232,81.79412,84.73591,84.25259,84.48106,83.8434,82.08516,79.18835,79.53242,79.41379,,
Guam,,,,,,,,,,,,,,,,,,,,,,,,,,,,,,,,,,,,,,,,,,,,,,,,,,,,,,,,,,,,,
Guyana,,,,,,,,,,,,96.11566,96.30775,91.51663,91.03386,,88.43524,92.95761,88.17042,84.43491,78.37886,,84.92717,,,,,90.02911,,,,,92.64176,92.25296,,75.79682,82.52217,84.55663,,101.31359,108.79423,85.8981,,74.29677,,94.31842,93.40339,95.22232,94.95203,98.19371,92.20618,96.61719,95.54665,,,,,,,,
High income,,,,,,,,,,,,,,,,,,,,,,,,,,,,,,,,,,95.19316,95.11105,94.79257,94.80445,94.63583,95.25738,95.77455,96.1966,96.75119,96.38026,96.79441,96.74865,96.24662,96.36672,97.1233,97.25249,97.33758,97.41759,97.76978,98.48544,98.21148,98.35966,99.03406,98.21985,98.12858,97.89119,,
"Hong Kong SAR, China",,,,,,,,,,,,,,,,,,,,,107.68347,103.07332,102.00445,100.90637,104.22459,103.97727,,,,,,,,,,,,,,,,,,,,,,,,,,,100.53445,98.48297,101.69879,103.78005,103.32812,103.56571,105.68992,,
Honduras,,,,,,,,,,,,,,,,,,,,,47.1895,,51.67414,,56.3363,,,,,,,59.32049,69.17602,71.53983,73.04077,68.41807,73.43465,73.24983,67.802,,,,,80.09052,,80.04213,84.64035,,82.2523,83.34015,87.55882,90.22034,89.96847,83.39467,79.12478,,81.28152,82.71174,,,
Heavily indebted poor countries (HIPC),,,,,,,,,,,,24.88749,25.2209,25.71444,26.09902,27.03117,27.91458,29.37832,31.03117,31.95072,33.14231,34.93381,36.14416,37.23504,40.3109,37.55912,37.65023,37.14523,36.06924,34.60393,35.37534,36.2181,35.56358,36.60119,35.45163,35.36884,36.22365,35.87626,36.00026,37.31081,37.78193,39.90479,41.82825,43.68577,45.17576,47.82365,50.59785,53.02532,57.16101,60.82331,61.56272,61.2095,62.6084,62.557,63.15767,63.72418,63.94981,64.47941,64.92895,,
Croatia,,,,,,,,,,,,,,,,,,,,,,,,,,,,,,,,,,,,80.66864,84.63925,85.84365,90.99065,89.2272,90.21924,94.9748,96.99348,96.87907,,104.26915,101.07453,103.72642,99.31533,93.88951,91.32412,92.90002,92.57987,95.06179,97.66146,103.47904,101.63362,94.53117,,,
Haiti,,,,,,,,,,,,,,,,,,,,25.47045,26.0131,,27.28919,29.24749,,32.04761,33.63558,35.6863,,,,,,,,,,46.84867,,,,,,,,,,,,,,,,,,,,,,,
Hungary,,,,,,,,,,,,,,,,,98.40335,100.65494,105.43592,99.59385,98.45087,93.97104,93.65984,94.78373,103.57443,114.3761,104.53285,97.62423,90.00704,83.70787,82.45836,,,,,,,97.25267,98.44201,94.90005,95.64594,97.61991,98.97013,95.69398,94.88676,93.34862,98.51318,94.3777,95.4228,96.63057,96.55319,99.00038,97.38586,98.06534,96.40702,96.93252,98.40878,104.87696,,,
IBRD only,,,,,,,,,,,,69.9863,70.34509,70.83727,71.0299,71.63698,72.31505,73.57276,74.32159,75.14495,76.41484,77.35963,77.96898,78.65618,79.68251,80.68569,81.05344,81.11237,81.45126,81.28485,81.82579,82.21898,81.93081,83.13104,84.27393,83.71623,82.41353,81.92733,82.47813,82.79131,84.28655,85.69908,86.65264,88.66516,89.81397,90.87376,91.30005,93.1887,95.97493,96.40475,95.72204,94.59651,96.04766,96.87175,95.97249,95.15585,95.4731,95.4811,96.25853,,
IDA & IBRD total,,,,,,,,,,,,,64.19979,64.73099,64.92867,65.51553,66.16571,67.17649,67.96756,68.84918,69.9903,70.88272,71.5098,72.1486,73.20804,73.72989,73.96118,73.87777,73.95157,73.61289,74.01844,74.3649,74.09508,75.07729,75.81025,75.37027,74.51375,74.26931,74.76997,75.24294,76.49815,77.68444,78.40649,79.92886,80.72756,81.82233,82.53206,83.74203,85.75034,86.78155,86.62329,85.97668,87.40718,87.81579,87.38585,87.00545,87.26192,87.57314,88.3002,,
IDA total,,,,,,,,,,,,,,,39.33088,39.85971,40.35354,40.17907,41.04603,42.07838,42.67938,43.6241,44.70319,45.64633,47.40214,46.70418,47.22478,47.51604,47.54128,47.50175,48.18453,48.878,49.00033,49.62567,49.47863,49.73055,50.26882,50.44028,50.87168,51.89795,52.56556,53.8565,55.03773,56.26686,57.16715,59.38626,61.46151,61.58499,62.37416,65.36598,66.79258,67.57663,69.44023,69.3147,70.17434,70.92148,71.32199,72.43014,73.25986,,
IDA blend,,,,,,,,,,,,,,,,,,,,,,,,,,,,,,,,,,,,,,,,65.93846,66.02389,66.31976,66.14882,65.69756,65.64058,66.63877,68.89134,66.9186,65.02169,66.54632,68.27304,67.89618,69.83622,70.1609,70.44237,70.92075,70.97522,71.77919,72.84079,,
Indonesia,,,,,,,,,,,,,,,,,,,,,,,,,,,,,,,,,,,,95.29532,93.94422,92.33262,,,,94.16746,95.38434,95.68052,96.35921,95.08204,93.03598,95.91324,96.36198,99.3724,,,104.6191,102.7203,100.54796,,,100.19382,101.63944,,
IDA only,,,,,,,,,,,,,27.06462,27.90774,28.22609,28.86546,29.51258,29.10848,30.1238,30.89424,31.75599,33.03193,34.46876,35.75668,38.25726,37.13635,37.82812,38.10752,38.07833,37.91137,38.86485,39.97486,40.09464,41.0052,40.79143,41.16457,42.02194,42.19505,42.99863,44.58985,45.55799,47.3992,49.30788,51.4392,52.8678,55.74197,57.75356,58.9434,61.08434,64.80853,66.08766,67.44411,69.2701,68.922,70.06624,70.94715,71.51778,72.77912,73.49287,,
Isle of Man,,,,,,,,,,,,,,,,,,,,,,,,,,,,,,,,,,,,,,,,,,,,,,,,,,,,,,,,,,,,,
India,,,,,,,,,,,,27.45618,,,29.09182,,,,,,,,,,,,,50.13748,51.70312,,,,,,,62.14894,,,,60.9064,63.95324,65.86762,69.34667,77.68705,,,,,95.52464,97.01264,,93.60029,,99.31998,100.38777,100.42209,98.50705,96.29249,93.11261,,
Not classified,,,,,,,,,,,,,,,,,,,,,,,,,,,,,,,,,,,,,,,,,,,,,,,,,,,,,,,,,,,,,
Ireland,,,,,,,,,,,,,,,,,,,,,,,,,,,,,,,,,100.6001,101.24835,99.22481,98.29807,,,,,,,,,,,,,,,,,,,,,,,,,
"Iran, Islamic Rep.",,,,,,,,,,,,35.81704,,,,,,,,,,,,,,,,71.03606,73.23088,74.70811,78.44366,81.55785,84.9514,90.51325,89.78151,94.02561,,92.22239,,,88.52866,93.6699,95.04686,90.13161,106.34757,110.27555,94.54226,90.8842,93.36032,97.21932,98.49614,97.85208,96.31894,,,97.54351,100.60525,99.08995,,,
Iraq,,,,,,,,,,,,21.03947,21.28235,23.19467,23.66904,27.65437,28.83904,37.43439,41.81741,,53.25619,,,48.61069,,58.56301,57.13084,53.40763,58.08652,53.67678,,,,54.25273,,,,,,51.33079,50.59044,,,,68.14901,,,56.96258,,,,,,,,,,,,,
Iceland,,,,,,,,,,,,,,,,,,,,,,,,,,,,,,,,,,,,,,,93.48456,90.56879,96.18623,109.12281,105.89956,109.37207,97.55102,96.32224,98.7174,94.98704,94.71815,98.45665,97.0684,99.14367,101.91663,,,,,,,,
Israel,,,,,,,,,,,,,,,,,,,,,,,,,,,,,,,,,,,,,,,,,,,105.63131,105.82389,109.9589,105.45203,104.50627,106.17606,102.0096,105.70849,103.42993,102.54721,108.03434,103.28632,104.16266,111.44184,103.7976,106.37435,,,
Italy,,,,,,,,,,,,97.20717,99.4724,99.39101,100.41918,108.05463,106.1642,105.67893,102.59912,101.69211,103.50913,100.39995,101.19405,100.04322,100.35952,102.24098,101.92899,99.82345,99.76729,100.24546,100.74673,97.84357,98.74226,,101.85949,97.61721,98.80044,95.69085,,100.28217,101.84284,104.70604,103.02277,103.35207,101.93493,99.90356,99.75511,101.78524,105.55999,102.78248,103.84725,104.62269,101.19651,100.5405,100.11498,100.05323,97.47014,98.74485,,,
Jamaica,,,,,,,,,,,,,,,,,84.50648,86.5724,,93.48829,89.48475,92.14086,,,93.29093,,,93.5063,96.18135,98.78063,98.75822,96.42639,,91.51766,,,,,,,88.99325,84.07156,89.87021,,88.24041,,,,,,,,,,,86.60948,85.81449,88.46803,85.17264,,
Jordan,,,,,,,,,,,,,57.43246,63.47987,74.66966,85.58883,90.53051,91.73264,95.66086,94.55518,96.10347,93.92691,93.8959,91.50501,95.278,96.22242,,86.83931,87.70751,88.885,92.19745,94.39757,94.04106,93.69483,95.51813,,92.73109,,,92.89147,95.81933,,90.42104,93.1659,93.09215,96.69739,94.80076,96.70811,94.35083,,,76.53876,,72.90829,74.52679,,72.09249,71.07168,72.23632,,
Japan,,,,,,,,,,,,,,,,,,,,,,,,,,,,,,,,,,,,,,,,,,,,,,,,,,,,,,,,,,,,,
Kazakhstan,,,,,,,,,,,,,,,,,,,,,,,,,,,,,,,,,,,108.94571,104.0133,,,,,93.0895,94.85614,96.54856,97.72038,104.99535,105.73595,101.95866,98.43852,102.64214,103.86842,107.83132,114.33808,108.18954,109.75535,115.1718,114.38389,110.0032,110.26136,111.66509,106.95963,
Kenya,,,,,,,,,,,37.0527,39.79885,43.11386,45.80534,,,,59.15694,61.34654,,80.18481,79.72269,,,,,,,,,,,,,,,,,,,,,,,84.55586,85.60271,,,,,,,,,97.89315,99.64457,100.08462,,,,
Kyrgyz Republic,,,,,,,,,,,,,,,,,,,,,,,,,,,,,,,,,,,,,,,,93.88318,93.21774,92.65536,92.35863,90.11715,92.94226,97.56685,101.37139,96.09868,94.85076,98.19497,97.05428,95.06272,95.61018,98.98663,101.77105,107.74533,101.41361,101.1781,104.4391,,
Cambodia,,,,,,,,,,,,,,,,,,,,,,,,,,,,,,,,,,,,,,12.84508,26.73955,35.68679,,46.04281,55.51713,62.78834,74.26119,85.36054,89.05661,90.79914,86.00968,83.38568,85.33627,87.35628,92.78851,90.55771,96.64101,96.2108,94.23995,91.86197,90.2572,,
Kiribati,,,,,,,,,,,,,,,,,,74.17655,86.28495,70.68273,84.05405,133.01501,122.82913,130.57971,123.66412,123.80952,126.5528,113.46999,112.16783,115.52878,105.54124,113.6646,107.35826,104.78972,,112.03501,121.421,127.97927,,106.14634,95.07246,118.00766,113.50575,117.12062,125.61576,120.80537,109.04255,101.01523,107.18954,,,,,,118.02789,,103.17741,,,,
St. Kitts and Nevis,,,,,,,,,,,,,,,,,,,,,,,,,,,,,,,,,105.20607,,,,,,,,125.7732,124.28941,121.06599,98.48866,121.26582,116.36829,,102.22222,92.77108,104.23529,97.91183,110.61321,108.82353,110.63291,105.51181,108.10811,99.45055,,,,
"Korea, Rep.",,,,,,,,,,,,92.878,94.1711,103.59812,102.57083,102.27103,106.1511,101.04156,98.82378,102.48973,99.89193,103.70868,101.69198,103.13436,109.27563,106.98766,106.05529,105.02889,100.16769,94.55296,99.31099,96.47496,107.56555,106.66331,109.16724,108.87916,,97.85311,100.84574,106.19932,105.03952,100.58265,95.91893,102.25423,100.0042,97.14096,98.01505,100.53111,99.64776,102.16406,100.77205,102.85647,109.34828,103.23446,95.69411,101.27025,97.89696,91.13162,,,
Kuwait,,,,,,,,,,,,56.27473,52.00401,46.80594,45.07458,53.84303,75.98904,63.18263,68.97408,67.78797,77.07979,88.90575,88.22723,93.83048,96.08929,95.24293,93.89831,92.68717,,,,,55.19175,,80.40378,79.68406,100.79564,97.19394,,94.26693,97.93934,89.37876,96.64248,105.49624,107.30596,114.33077,,107.74682,,,96.29486,99.10029,97.87523,101.50405,,,104.26953,98.075,97.54345,,
Latin America & Caribbean (excluding high income),,,,,,,,,,,,,,,82.2558,82.89724,84.09543,86.45058,86.84312,87.54299,88.48814,89.03844,89.7406,91.002,92.34433,92.09865,92.46512,93.17826,93.20023,93.02696,93.81944,93.11433,95.12338,95.31698,95.62752,95.89877,96.29399,96.84363,97.3307,97.44576,98.34787,98.26772,100.3729,99.16773,97.06927,97.9249,99.13182,100.2246,100.0297,100.1292,100.4782,100.6946,101.3855,101.0261,101.2598,99.74237,99.50708,99.1235,98.90272,,
Lao PDR,,,,,,,,,,,,,,,,,,,,,,,,,,,,,,,,,35.57408,38.77078,42.25828,,50.13871,52.44168,57.50564,62.51819,61.44513,62.43043,63.63506,63.12386,63.28069,65.56965,68.28618,71.3155,74.20135,77.04409,82.15529,88.06244,92.59842,97.26261,99.09388,99.39419,98.35606,100.69194,97.11763,,
Lebanon,,,,,,,,,,,,,,,,,,,,,,,,,,,,,,,,,,,,,,,,,,,,,,,,,,,,,,,,,,,,,
Liberia,,,,,,,,,,,,,,,,,,,18.04446,,,,,,,,,,,,,,,,,,,,,,,,,,,,60.82991,,57.72851,56.18782,,61.04033,,,54.94628,,,58.04248,,,
Libya,,,,,,,,,,,,20.27032,42.31094,45.04691,59.03731,80.91063,77.55664,88.10664,88.26191,83.83331,78.82155,82.52573,,88.00192,,,,,,,,,,,,,,,,,,,,,,,,,,,,,,,,,,,,,
St. Lucia,,,,,,,,,,,,,,,,,,,,,,,,113.03835,107.18101,,,,,,123.1203,112.22293,,113.60544,,,,,,,,,106.56109,102.17019,100.63621,96.54162,105.27251,100.23852,,,,,,,,,90.67729,91.8807,92.43336,,
Latin America & Caribbean,,,,,,,,,,,78.14149,80.63528,81.12576,82.11193,82.60307,83.23155,84.51231,86.61742,87.0041,87.68832,88.66161,89.21236,89.92547,91.16013,92.40555,92.177,92.54226,93.24883,93.26227,93.10514,93.88433,93.21252,95.12829,95.31754,95.61403,95.86119,96.23887,96.68758,97.16592,97.30156,98.17056,98.0704,100.0846,98.91886,96.92936,97.75895,98.912,100.0082,99.8483,99.93773,100.2376,100.4778,101.2157,100.8457,101.0687,99.55631,99.26419,98.86268,98.65151,,
Least developed countries: UN classification,,,,,,,,,,,,,,25.54559,25.87238,26.45908,26.98874,26.36425,27.38409,28.2763,29.08729,30.25358,31.55672,32.84706,35.44443,34.14539,34.72769,34.85636,34.76645,34.49041,35.5589,36.60869,36.50151,37.61187,37.25741,37.78879,38.72588,39.03632,39.86126,41.39163,42.38741,44.29541,46.28179,48.21322,50.02494,52.76218,54.94252,56.28394,58.4878,62.4539,63.5602,64.70197,66.12069,67.00725,68.24575,68.81302,69.39186,70.57288,71.28325,,
Low income,,,,,,,,,,,,,24.17615,24.56103,25.41265,26.67407,27.95811,29.6393,31.27055,32.48204,33.50196,35.04134,36.39669,37.47579,40.52827,37.36214,37.03696,36.00412,34.60015,33.35863,34.56443,35.93662,35.559,36.50981,35.53218,35.77146,36.49033,36.06437,36.39673,38.03758,38.50186,40.69945,42.77889,45.08601,46.61638,49.60454,52.83578,54.77713,58.33813,62.70951,62.88972,62.68868,63.98822,63.25631,64.15298,64.30838,64.43547,64.83798,65.44633,,
Liechtenstein,,,,,,,,,,,,,,,,,,,,,,,,,,,,,,,,,,,,,,,,,,,,97.53695,103.86473,106.76329,109.13978,102.72727,101.44928,96.83258,106.63507,100.46083,98.97436,,84.45596,112.5,103.09278,84.77157,,,
Sri Lanka,,,,,,,,,,,62.79813,,,,,,,,,,,,,86.49634,,87.18028,89.53418,90.00376,,94.88832,97.668,99.71936,99.18774,,,,,,97.18717,,,106.58586,111.12498,104.90986,,100.99171,100.30614,97.1347,92.45904,91.99814,97.87127,98.03645,96.61605,96.95692,97.01462,97.99617,99.97985,101.5474,101.54159,,
Lower middle income,,,,,,,,,,,42.85902,42.85678,42.86665,43.52604,43.5492,44.26039,44.99212,45.84484,46.70505,47.59236,49.21688,50.70809,52.30117,53.92906,56.02241,58.09955,59.40774,60.33957,61.20286,62.12052,62.85308,63.31131,63.8573,65.15131,66.24178,67.17075,67.16795,67.10057,67.43099,67.68669,69.56146,71.16854,72.70711,76.62125,78.35599,80.29837,81.92148,83.3827,84.585,86.10272,86.57538,86.33124,88.92854,90.16242,90.88457,91.16565,90.53877,90.34237,90.88954,,
Low & middle income,,,,,,,,,,,,,63.92922,64.49876,64.7367,65.36395,66.06153,67.17008,68.01252,68.89293,70.0115,70.88239,71.47549,72.12305,73.19518,73.68089,73.87667,73.76843,73.81509,73.459,73.87969,74.24277,73.95783,74.93061,75.71435,75.27883,74.39794,74.20661,74.66754,75.15402,76.42736,77.616,78.34997,79.87499,80.66509,81.78225,82.49724,83.70266,85.71224,86.76299,86.61392,85.96733,87.38796,87.80033,87.37882,86.99077,87.24107,87.54045,88.25747,,
Lesotho,,,,,,,,,,,,,44.72032,51.27625,63.79155,67.65837,62.46628,57.98835,59.52425,60.57941,61.18506,61.64779,61.84261,61.76221,60.89793,60.43191,60.34907,63.63339,66.09434,65.79825,69.08974,69.55089,71.22763,70.39075,71.86576,73.5082,69.93385,69.2322,68.80856,65.86824,65.65836,68.17857,71.49885,74.79909,79.74888,77.06247,100.13597,94.58966,92.40113,94.89635,97.63805,94.87687,92.83069,93.13606,91.37524,90.72638,93.52547,,,,
Late-demographic dividend,,,,,,,,,,,,,,,,,,,,,,,,,,,,,,,,,,,,95.46543,92.48803,91.2922,91.93591,92.51795,93.39106,94.54252,94.59567,94.16642,93.56188,93.5435,93.79337,94.82054,98.24185,98.02256,96.92985,95.56839,95.57128,95.16952,92.31073,90.82699,93.4564,95.61638,97.40242,,
Lithuania,,,,,,,,,,,,,,,,,,,,,,,,,,,,,,,,,,,,93.25341,97.78465,97.5707,,99.7461,101.79447,102.26937,102.43759,100.68187,102.53784,101.61935,102.72818,103.87401,98.32919,97.97362,99.46328,97.77615,100.54854,101.40212,100.69391,100.72637,102.06372,101.90603,,,
Luxembourg,,,,,,,,,,,,,,,,84.30476,83.31424,87.23242,87.74962,86.89602,,,,84.98671,,,,,,,,,,,,,,,,,,,,,,,,,,,85.05863,86.67774,86.66005,85.34083,81.51958,80.03999,79.70628,81.84524,,,
Latvia,,,,,,,,,,,,,,,,,,,,,,,,,,,,,,,,,,,,,,,,94.76183,98.84653,100.17199,99.31806,99.71335,103.55754,101.55333,102.72526,100,101.48981,99.0904,100.30441,98.98338,98.4946,98.75627,99.92059,101.06718,97.98879,99.007,,,
"Macao SAR, China",,,,,,,,,,,,,,,,,,,,,,,,,,,,,,,116.34506,,100.25284,94.28891,,,,,,99.57928,101.45363,98.88669,97.04201,91.12232,95.15373,89.59189,94.55546,91.32966,93.14754,87.91946,92.11128,95.46579,93.20604,89.79885,93.58707,94.48161,96.47848,102.17955,102.82376,,
St. Martin (French part),,,,,,,,,,,,,,,,,,,,,,,,,,,,,,,,,,,,,,,,,,,,,,,,,,,,,,,,,,,,,
Morocco,,,,,,,,,,,,,,18.75261,19.72568,20.76421,,25.26929,27.82558,30.32236,31.82292,33.58784,35.86125,36.94135,37.99512,45.33412,44.61198,44.62566,40.51708,34.98691,41.37134,38.40018,37.61261,38.29554,38.73304,40.18019,41.41274,43.39456,46.49243,49.23414,52.14526,54.65256,57.09459,62.99762,71.14056,75.76742,79.11959,79.4531,78.49172,78.51261,82.78193,87.04839,96.44652,95.51175,95.44966,95.27222,94.56422,93.51542,94.40173,,
Monaco,,,,,,,,,,,,,,,,,,,,,,,,,,,,,,,,,,,,,,,,,,,,,,,,,,,,,,,,,,,,,
Moldova,,,,,,,,,,,,,,,,,,,,,,,,,,,,,,,,,,,,94.90533,,,,,,,96.39881,95.16994,96.50727,99.41259,97.64873,92.87085,90.48338,91.46501,92.65368,90.17375,89.96171,92.71388,92.40326,91.06886,89.85062,88.45005,88.83603,,
Madagascar,,,,,,,,,,,,23.44947,25.60154,26.64307,,29.2564,,,,,,,,,,,,,39.43536,36.28947,35.78156,34.60662,31.05399,32.28881,29.9382,28.5977,30.19941,,30.37719,33.8689,36.86344,36.69522,36.63128,40.46083,46.59435,58.13786,56.8664,60.89558,67.33498,74.16158,71.0383,71.6342,70.46016,69.68188,70.17805,70.73793,69.75856,,68.07849,,
Maldives,,,,,,,,,,,,,,,,,,,,,,,,,,,,,,,,,,,,,,117.28031,,,,,,,,133.22957,125.16164,,110.4254,113.85792,,,,,,98.16101,100.54709,92.34973,,,
Middle East & North Africa,,,,,,,,,,,35.07548,35.03931,35.33332,37.13016,39.06611,41.78474,43.86837,46.12003,45.57355,43.4597,47.87639,51.47625,53.36132,55.39726,58.22218,62.51245,62.49718,63.14425,64.35529,65.1737,67.43917,68.6135,70.35128,72.14385,72.91372,75.05611,75.8687,76.56022,77.32873,78.0079,77.52149,79.58474,80.93342,81.94972,86.87083,88.00129,83.87712,84.91743,86.46104,86.19902,87.84261,89.07785,91.27055,89.46127,90.52204,90.44692,89.87267,89.32116,89.86638,,
Mexico,,,,,,,,,,,,,,,,66.84412,68.39831,73.92279,,,,,,,,,,,,,,,,90.3198,91.48174,94.05063,94.88016,94.57368,,95.18637,96.27886,97.30491,99.1907,99.07552,100.95468,101.5484,101.621,102.54152,101.7078,99.93876,100.4644,100.24059,106.60982,109.92655,110.77429,105.01753,104.01647,104.32097,,,
Marshall Islands,,,,,,,,,,,,,,,,,,,,,,,,,,,,,,,,,,,,,,,,81.73804,,,112.3348,91.84,,97.57463,108.05243,106.59537,97.78912,95.13776,,89.38053,,,,,72.78646,,,,
Middle income,,,,,,,,,,,,,67.13169,,67.89772,68.50484,69.17481,70.23409,71.0106,71.8595,72.98392,73.81552,74.38004,75.02554,75.96999,76.81661,77.12835,77.17907,77.45328,77.29729,77.75771,78.10579,77.88729,78.92503,79.96942,79.53054,78.50621,78.22557,78.81423,79.20541,80.6232,81.8537,82.63303,84.26544,85.16054,86.23316,86.74573,87.96527,89.86643,90.52553,90.41864,89.79391,91.33865,92.02639,91.45901,91.04681,91.39409,91.7407,92.54064,,
North Macedonia,,,,,,,,,,,,,,,,,,,,,,,,,,,,,,,,,,,,94.19587,95.55502,96.81429,,97.58925,95.20692,93.2981,97.10663,91.85293,91.84253,93.34923,89.66797,90.33637,91.45963,90.91048,,,,88.95751,90.01674,91.16641,,90.79468,,,
Mali,,,,,,,,,,,,,,,,,,,,9.01073,,7.68898,,,7.66929,7.17793,,6.88056,6.63904,,,,,,,,,,,,23.97606,26.12661,28.24659,30.9124,32.57187,33.93221,38.48798,41.38092,45.01738,47.38371,50.70206,51.73068,49.82756,,49.74921,48.04562,47.86236,47.14091,,,
Malta,,,,,,,,,,,,111.90932,112.02694,106.73941,106.42973,93.38014,70.41145,99.0794,92.05569,101.42487,104.24136,117.978,103.5773,100.47923,101.51163,98.86364,99.02876,104.83752,100.94752,101.15191,101.35569,100.21284,101.30788,106.60311,103.39463,96.59574,100.53362,95.02149,101.48068,104.37637,109.16482,106.53644,106.33536,103.39824,99.96155,95.59969,99.1242,97.15932,98.89409,93.57677,99.45155,103.91221,92.49012,96.22449,106.69456,101.68776,102.97961,99.58549,,,
Myanmar,,,,,,,,,,,,29.56166,27.96946,34.41323,33.40911,,,,,,,,,,,,,,,,,,,,,,,,,68.10063,74.10453,74.80576,76.08758,78.34869,79.96912,,,87.03118,86.18296,85.08881,86.45927,,,,,,,,94.77942,,
Middle East & North Africa (excluding high income),,,,,,,,,,,33.81641,33.80927,34.16012,36.15346,38.2796,41.19004,43.32882,45.79799,45.16561,42.84998,47.479,51.17862,53.11724,55.18831,58.1365,62.7866,62.63054,63.21926,64.46323,65.23391,67.60977,68.82152,70.68483,72.46495,73.12362,75.37198,76.03428,76.57943,77.24177,77.82135,77.14207,79.3141,80.57994,81.44132,86.63633,87.70828,82.8022,83.66016,85.26489,84.73256,86.46065,87.66866,89.53805,87.43265,87.77702,87.46733,87.72482,87.42189,88.63103,,
Montenegro,,,,,,,,,,,,,,,,,,,,,,,,,,,,,,,,,,,,,,,,,,,,,,,,,,,,75.76631,101.71323,,,96.28633,89.59058,90.78562,94.32662,,
Mongolia,,,,,,,,,,,,,,,,,,,,,,,,,,,,,,,,,,,,77.0634,82.536,81.37209,91.37603,88.84611,89.29968,94.17942,100.93656,102.57516,97.58355,97.46373,,,,,,,,,,97.63236,92.62698,90.45368,101.88478,,
Northern Mariana Islands,,,,,,,,,,,,,,,,,,,,,,,,,,,,,,,,,,,,,,,,,,,,,,,,,,,,,,,,,,,,,
Mozambique,,,,,,,,,,,,,,5.13755,,,,,,,,,23.34477,18.89316,23.19349,24.59841,36.56803,26.86484,20.09992,20.56403,21.99647,22.31992,20.90027,20.4373,20.01994,20.24215,,,,11.29016,12.87238,14.75719,17.61117,,23.90605,34.18733,33.92667,38.49704,50.62776,48.97204,53.58314,49.94222,47.74273,45.70045,45.46581,45.75095,,44.05524,48.80507,,
Mauritania,,,,,,,,,,,,,,,,,5.56351,5.25062,6.04213,9.17456,,15.85469,,,,21.47414,24.06796,22.27826,28.20365,25.05716,21.07706,25.2572,24.58707,27.0168,26.45616,27.10911,28.76258,32.63959,38.9476,40.80285,,41.99589,40.99514,,,42.80594,44.00503,56.287,,70.89882,,,71.01897,73.74546,70.9778,72.4889,,72.09136,79.69111,,
Mauritius,,,,,,,,,,,,,,,,,,,,,,,,84.84636,82.35767,93.57557,126.55586,99.0032,102.56092,69.05752,113.50983,114.69404,111.87413,103.01097,98.37521,95.96592,94.24318,93.25973,99.89477,103.11404,102.01249,102.50934,98.37497,99.29949,97.57348,97.96868,96.40995,98.88336,97.24857,95.16384,99.50754,99.04211,97.28588,99.70257,98.05899,102.50282,102.40356,97.93852,101.90525,,
Malawi,,,,,,,,,,,,,,,14.14111,14.44916,15.45326,18.63763,20.94943,22.44822,23.27175,25.35976,22.31982,26.31848,25.67778,27.26766,27.43112,27.58863,22.28927,23.35473,25.90185,29.32522,33.64884,34.8328,37.40397,48.00347,56.24032,,,59.63047,59.20734,62.70874,64.97861,,58.62971,58.94271,59.23702,60.5496,64.99422,67.56546,69.94398,72.25063,74.6121,80.10287,80.6139,,,,,,
Malaysia,,,,,,,,,,,,,,,79.67795,,,,,,93.85457,91.54451,91.59579,95.12595,94.4356,93.3706,,92.66041,92.85109,90.46352,89.02606,90.54961,,94.04245,,,,,97.81309,94.41293,100.76187,,92.69193,93.64711,98.39815,103.5278,100.29523,98.51798,99.73952,100.34194,97.83985,100.70098,107.90106,103.97856,103.22815,102.67867,101.44031,101.08565,,,
North America,,,,,,,,,,,,,,,,,,,,,,,,,,,,,,,,,,,,,,,,,,,,,,,,,,,,,,,,,97.22375,97.22535,97.22579,,
Namibia,,,,,,,,,,,,,,,,,,,,,,,,,,,,,,,,,79.0892,,73.79695,,,,98.57607,96.80642,94.29889,95.53111,96.73085,97.04042,90.47233,90.49082,88.17913,,85.58868,90.64179,87.18306,,92.53444,95.22614,,,,,96.91572,,
New Caledonia,,,,,,,,,,,,,,,,,,,,,,,,,,,,,,,,,,,,,,,,,,,,,,,,,,,,,,,,,,,,,
Niger,,,,,,,,,,,,3.26558,4.11136,4.22421,4.39595,4.66373,5.12536,5.91633,7.07094,9.33781,10.55838,10.80791,11.47052,12.50897,13.78738,14.03776,15.5193,16.17921,,10.71344,10.96785,12.76537,13.24693,12.6757,,9.76597,13.73903,13.49657,14.26205,14.56681,14.54075,15.1236,16.71141,16.65596,20.89337,22.98401,25.48982,30.93664,30.96519,32.86038,34.00813,37.61721,41.57361,42.24362,50.74104,,65.04422,,,,
Nigeria,,,,,,,,,,,,,,,,,,,,,,,,,,,,,,,,,,,,,,,,,73.73115,,,,71.86878,74.98071,80.22299,71.60856,64.11503,68.44174,68.93571,,,,,,,,,,
Nicaragua,,,,,,,,,,,26.76422,30.45744,30.92291,33.90737,,,,38.02589,37.54946,33.47046,38.58223,,35.0606,34.15322,33.171,36.35855,44.048,54.27966,55.60757,,,,,53.70935,58.69862,53.82142,,,,70.08348,70.25471,72.15292,79.56183,78.85279,79.6923,83.28239,83.87607,85.14648,84.8761,,88.8012,,,,,,,,,,
Netherlands,,,,,,,,,,,,99.55163,97.35853,97.64537,96.46378,96.01471,96.40768,95.14114,94.49194,93.63419,94.54886,99.85136,101.74616,100.77681,99.33667,94.88452,,,,,,,,,,,,,,,,,,,,,,,,,,,,,,,,,,,
Norway,,,,,,,,,,,,103.67824,,97.91556,97.83481,100.05318,101.111,101.14204,101.673,100.72164,99.06438,99.94496,100.94585,,100.85818,100.09508,96.47621,98.80202,96.46854,94.99457,95.46107,99.97256,101.10236,99.47402,,,,,97.7316,97.05893,98.72255,101.8334,102.55831,103.78964,102.65094,99.5081,98.55068,98.01903,99.12235,101.07924,99.28016,98.13786,100.44514,100.96975,98.91716,97.88881,100.56841,100.60299,,,
Nepal,,,,,,,,,,,,,,,,,,,,,,,,,,,,,,,,,41.3994,,,,,,,54.28882,56.77591,58.89898,63.43933,65.63627,65.94368,70.34945,73.01611,,77.26581,,,,109.16587,110.41883,114.8125,117.19504,121.83976,125.38452,,123.21302,
Nauru,,,,,,,,,,,,,,,,,,,,,,,,,,,,,,,,,,,,,,,,,,97.32143,,,,,,92.72727,,,,,103.84615,,105.88235,,133.33333,,,,
New Zealand,,,,,,,,,,,100.8265,104.52791,106.64858,105.60193,101.79398,98.90517,98.28044,100.65835,101.74487,102.71057,,,,,,,,,,,,,,,,,,,,,,,,,,,,,,,,,,,,,,,,,
OECD members,,,,,,,,,,,,,,,,,,,,,,92.66918,92.57044,92.9435,93.84898,94.35767,95.312,94.83111,95.62535,94.00204,94.04185,93.94539,95.4887,95.33249,95.40275,95.39947,95.50186,95.30269,95.79968,96.24205,96.73641,97.34527,97.21763,97.50671,97.67279,97.56742,97.34268,97.86086,97.9332,97.79919,97.95716,98.33542,99.46799,99.34243,98.89135,98.61716,98.03535,98.07448,98.1225,,
Oman,,,,,,,,,,,,,,,0.72099,0.77954,2.83434,,7.73372,12.22898,,,,23.3769,29.45966,29.97116,35.98651,39.15192,46.80628,54.55125,62.13865,,69.71395,,70.8807,73.60704,77.12061,80.77178,82.3512,84.32302,82.03125,84.68989,85.8517,87.55007,,,,,,93.90395,,98.68615,100.95673,97.70976,105.1971,100.38013,103.62209,105.89208,103.45667,,
Other small states,,,,,,,,,,,,58.86232,59.87114,60.91404,63.30967,63.29341,61.81703,60.58804,61.90864,63.77286,63.3494,65.81384,65.81371,65.30209,64.49614,66.65758,69.61035,67.42287,67.61199,65.47734,68.42856,68.25432,68.28099,67.59551,68.41571,68.4836,69.88949,71.21271,73.92387,74.62487,74.87605,75.89052,76.85545,77.65418,77.53864,77.98261,80.4218,80.4547,81.55749,82.03399,82.72867,82.85578,83.85447,84.35526,84.43168,85.22675,85.46778,84.80039,85.9682,,
Pakistan,,,,,,,,,,,,,,,,,,,,,,,,,,,,,,,,,,,,,,,,,,,,,,50.05447,50.92182,52.89657,52.62381,52.89114,56.11717,54.48383,58.40758,58.37319,58.68866,,58.8432,,64.24923,,
Panama,,,,,,,,,,,64.5528,68.49828,73.27649,79.29331,81.38928,84.33219,100.11354,94.88549,93.09955,91.41311,87.85955,84.73195,84.23615,84.743,79.50798,81.65107,81.45034,81.68131,79.88125,81.24483,,,,,,,,,,89.52227,91.48468,92.31724,93.01797,,93.50849,92.64075,90.2007,94.74874,97.55943,97.19218,93.80293,98.29656,100.3546,99.02774,95.49484,,,89.05072,,,
Peru,,,,,,,,,,,61.60182,,,,,,,73.96518,73.26935,73.5633,74.03127,72.0566,,,,,,,,,,,,83.29154,,85.19531,,,91.96749,96.97536,95.6831,91.97514,92.29425,97.3319,96.9688,97.40734,100.09596,103.39216,102.77959,99.76108,101.50836,99.73837,94.86151,97.51477,98.95203,101.29324,104.12949,95.97288,94.08626,,
Philippines,,,,,,,,,,,,,,,,,,,,,,88.01842,,92.86063,93.59573,92.16611,90.04293,87.93815,86.31613,87.71304,,,,,,,,,87.90903,89.26797,,105.45821,98.27658,98.6593,97.06968,97.365,94.85184,93.79289,94.82573,94.46063,,,,,101.72007,103.12195,105.13506,109.61415,,,
Palau,,,,,,,,,,,,,,,,,,,,,,,,,,,,,,,,,,,,,,,,,83.33333,,,,,,,,,,,,,114.54545,94.69027,,,,,,
Papua New Guinea,,,,,,,,,,,,,,,,,,,,,,,,,,,,37.36964,39.03623,39.18347,37.20844,35.90899,35.92164,,40.95161,41.51662,42.08535,41.58229,41.95564,,45.80651,46.56392,47.30712,49.77257,,,,,,,,,,,66.64528,,71.52944,,,,
Poland,,,,,,,,,,,,,,,,,,,,,,,,,,,,,,,,,,,,,,,,,,,,,,,,,,92.85602,93.3345,93.29421,94.39649,96.36348,96.8352,100.46649,102.76317,107.61292,,,
Pre-demographic dividend,,,,,,,,,,,,,35.36812,36.05016,36.69057,37.7615,38.63247,40.31816,42.03479,44.13191,45.16049,46.38925,47.30263,48.10541,50.82519,48.65029,48.56711,47.76133,47.16449,45.9152,46.74672,47.54075,46.92378,47.94495,47.13689,47.33679,47.93585,47.7852,47.56198,48.38378,48.45376,49.8482,50.89949,51.78855,52.90869,54.55405,57.23706,57.28536,58.72319,62.02186,61.88443,62.13975,62.80795,63.15783,63.83255,64.28757,64.45922,64.76775,65.06953,,
Puerto Rico,,,,,,,,,,,,,,,,,,,,,,,,,,,,,,,,,,,,,,,,,,,,,,,,,,,,,,,,81.56973,,,,,
"Korea, Dem. Peoples Rep.",,,,,,,,,,,,,,,,,,,,,,,,,,,,,,,,,,,,,,,,,,,,,,,,,,96.77365,,,,,,,,,101.88144,,
Portugal,,,,,,,,,,,,,58.3097,61.48447,68.4713,73.03117,68.27603,,,,,,,,,,,,,,,,,,,,,,,,,,,,,,,,,,,,,,,,,,,,
Paraguay,,,,,,,,,,,42.08114,,43.23415,46.30662,47.61905,48.39837,49.63007,50.92705,51.74638,,53.92815,57.14356,58.53718,61.74335,63.70499,65.51732,64.40618,64.65048,64.06055,64.2695,65.43131,69.84821,71.18716,77.94345,77.53078,79.45929,83.01728,,93.32098,90.25801,92.11964,92.58852,93.72552,96.17481,95.25715,95.79481,94.22516,95.11228,94.82736,94.89053,92.67199,89.64052,88.81476,,,,,,,,
West Bank and Gaza,,,,,,,,,,,,,,,,,,,,,,,,,,,,,,,,,,,,87.20011,86.60295,86.15598,,94.24866,94.43815,96.47139,93.57029,97.52281,90.84426,92.84803,,86.22812,87.01559,89.28231,92.49841,92.44827,90.5257,95.77677,98.05595,98.41141,97.02238,100.41854,97.2925,,
Pacific island small states,,,,,,,,,,,,,,,,,,,,88.91468,88.57039,91.09132,87.11606,86.31602,83.60181,82.91201,84.0336,84.86961,86.11535,87.59001,88.58361,90.5579,91.46081,91.61134,90.87271,91.94371,92.22995,93.54316,94.82494,91.81397,89.92069,94.80633,97.068,97.52185,98.37084,99.31973,99.2949,98.3036,96.95802,96.87136,97.37634,97.96094,98.34552,98.70566,99.5671,100.7489,99.02719,99.24794,98.49081,,
Post-demographic dividend,,,,,,,,,,,,,,,,,,,,,,,,,,,,,,,,,95.91841,96.39619,96.45923,96.19906,96.09532,95.90925,96.57588,96.94197,97.24809,97.91173,97.808,97.9946,97.97169,97.64612,97.14333,97.59442,97.4623,97.47829,97.62824,,,,97.68237,98.18539,97.74342,97.74138,97.79359,,
French Polynesia,,,,,,,,,,,,,,,,,,,,,,,,61.64857,,,,,,,,,,,,,,,,,,,,,,,,,,,,,,,,,,,,,
Qatar,,,,,,,,,,,,50.10504,61.59069,67.42081,66.52506,73.08307,73.80597,72.36111,89.86928,91.04385,89.53216,84.23673,89.04738,,85.98346,87.75961,86.9186,74.84917,78.85081,77.54905,75.21726,72.97973,68.74028,65.92538,65.19981,63.40445,54.13204,,93.35947,95.05469,,,,94.26058,,93.97089,93.95722,100.28897,101.46929,102.95848,,99.10188,,98.79876,95.78143,93.57945,94.02955,94.25887,,,
Romania,,,,,,,,,,,,,,,,,,,,,,,,,,,,,,,90.20519,,,81.18042,,,,,,92.76398,93.77457,92.77729,89.16907,93.87082,99.01588,103.16373,99.68613,,92.42517,94.63166,96.46232,99.37016,96.55186,,,94.69707,92.04197,,,,
Russian Federation,,,,,,,,,,,,,,,,,,,,,,,,,,,,,,,,,,,94.35313,92.14722,,,,,,,,,,,,,,,,,,,100.35526,100.88747,96.70748,,,,
Rwanda,,,,,,,,,,,,15.83778,17.07789,19.88367,20.66711,23.2137,,25.98154,,,34.78836,45.32469,44.18483,43.31889,44.07666,45.59923,42.10363,42.05807,42.2428,42.29962,41.44861,42.54463,44.99554,,,,,,,30.6715,23.09575,24.96792,31.31683,41.25639,40.11014,,,,53.15855,72.8466,76.40711,,75.81683,74.97601,68.41544,68.98981,75.53838,88.13647,93.76998,,
South Asia,,,,,,,,,,,29.96521,30.12304,30.6939,31.05226,31.41553,32.51791,33.18309,33.88142,35.36141,36.62355,37.96278,39.37153,40.77971,42.25601,43.78649,45.2979,46.89198,48.4736,49.93215,51.31201,52.61215,53.91229,55.21942,56.49953,57.81798,59.14718,59.109,59.08297,59.05551,59.07925,61.58826,63.2509,66.11532,72.35098,75.05664,77.9026,80.4666,83.15883,85.50567,87.37243,87.06686,86.66469,89.73413,92.18992,93.43306,93.85969,92.91867,92.05092,92.61461,,
Saudi Arabia,,,,,,,,,,,,,,,,,,,,31.29886,,,,,,,,,,,,,,,,,,,,,,,,,,85.5324,,91.40779,93.97511,,,100.72978,107.22123,108.92148,118.46686,109.66839,99.28476,104.48469,96.50198,,
Sudan,,,,,,,,,,,,,,,,,,,,,,,,,,,,,,,,,,,,,,,,,,,,,,,,,,,54.72264,,53.40998,55.34938,55.07448,56.23808,57.78467,60.41364,,,
Senegal,,,,,,,,,,,,18.67534,19.01711,,,,,,23.54459,24.5589,23.03113,23.81857,23.77482,25.15485,26.30213,25.388,27.82221,,31.8488,32.32658,33.06172,,31.24119,,30.24378,,31.7654,32.5691,35.38632,,32.99141,37.46681,41.07444,41.86184,43.62434,48.4208,47.22236,48.98844,56.94981,58.44788,58.44241,62.33994,62.79431,63.79452,65.23497,63.56889,64.5441,66.86776,62.30382,,
Singapore,,,,,,,,,,,,,,,,,,,,,,,,,,,,,,,,,,,,,,,,,,,,,,,,,,,,,,,,,99.18699,99.25125,,,
Solomon Islands,,,,,,,,,,,,,,,,29.31034,,,,,52.40848,51.65945,45.57596,44.40636,,,45.36749,,,,,,,,,,,,,,,,,,,,,,,,,86.47852,85.9375,85.90902,87.15424,88.15004,89.4759,90.36344,89.74324,,
Sierra Leone,,,,,,,,,,,,,,,,,,,16.19214,,,,,,,,,,,,,,,,,,,,,,,,,,,,,64.36795,,,,65.88548,62.65966,61.57625,,59.442,67.46497,69.35388,82.85494,,
El Salvador,,,,,,,,,,,,37.78941,42.09155,47.46296,49.39995,,48.7773,50.18194,,,,46.69076,49.37046,50.89052,49.55005,,,62.72672,66.56072,64.38383,,67.05436,68.74875,71.37019,,73.62799,77.51779,,81.40278,,88.96943,89.50138,88.46388,87.9121,,89.66556,89.23757,94.66156,95.87051,98.61692,99.27625,103.29406,103.47642,102.04193,100.48639,95.24665,92.30351,90.36914,85.81395,,
San Marino,,,,,,,,,,,,,,,,,,,,,,,,,,,,,,,,,79.69925,92.91339,,,,,,,84.25197,,,,,,,,105.92593,112.30769,125.5814,109.77444,124.26471,,,,,,125,,
Somalia,,,,,,,,,,,,,,,,,,,,,,,,,,,,,,,,,,,,,,,,,,,,,,,,,,,,,,,,,,,,,
Serbia,,,,,,,,,,,,,,,,,,,,,,,,,,,,,,,,,,,,,,,,,,,,,,,,100.68998,104.79945,95.88169,96.60488,104.24553,98.24082,99.29551,102.26366,101.07561,98.2965,99.09482,98.85853,,
Sub-Saharan Africa (excluding high income),,,,,,,,,,,,,39.31254,39.85287,40.39176,41.21193,41.91321,43.09377,44.41534,46.08629,46.82578,48.00592,48.78943,49.56203,51.7118,49.85018,49.90805,49.44089,48.7062,47.71355,48.39088,48.99723,48.58915,49.36872,48.59302,48.62562,49.11671,49.01644,48.85891,49.21943,49.29486,50.65514,51.7403,52.90502,53.80848,56.00321,58.75516,58.85668,60.53331,63.92019,64.46908,64.1244,65.14704,65.23835,65.77178,66.24342,66.36344,66.72535,67.07906,,
South Sudan,,,,,,,,,,,,,,,,,,,,,,,,,,,,,,,,,,,,,,,,,,,,,,,,,,,,19.29336,,,,,,,,,
Sub-Saharan Africa,,,,,,,,,,,,,39.32552,39.86574,40.40445,41.22436,41.92524,43.10513,44.42703,46.0966,46.83489,48.01344,48.79639,49.56992,51.71863,49.85698,49.91601,49.44838,48.71159,47.71933,48.39734,49.00411,48.59462,49.37411,48.59776,48.63044,49.12166,49.02167,48.8642,49.22451,49.29964,50.66011,51.7451,52.90964,53.81257,56.00776,58.75917,58.8604,60.53674,63.92286,64.47174,64.12722,65.14919,65.24038,65.77401,66.24577,66.36591,66.72711,67.08111,,
Small states,,,,,,,,,,,,,,,74.3038,74.32492,73.41933,73.25238,74.09753,75.18507,73.92576,76.06081,75.96274,75.10231,74.05872,74.51839,76.60638,75.48936,75.88595,74.8274,76.86048,76.59096,76.35942,75.48303,75.53423,75.16649,76.14334,77.18057,79.49774,80.05032,79.87352,79.80097,80.95887,81.34704,81.66393,82.18314,83.98416,83.85609,84.63129,85.1698,85.37028,85.77782,86.50175,86.69781,86.82501,87.55268,87.47822,87.01965,87.68736,,
Sao Tome and Principe,,,,,,,,,,,,,,,,,,53.61184,,,,,,,107.5228,,,,62.78261,,,,,,,,,,,46.75052,,,58.9404,56.69251,71.33159,75.17096,,72.44847,75.28256,83.60499,85.29549,109.53447,,97.24507,89.04705,,79.769,87.2208,,,
Suriname,,,,,,,,,,,,,,,,,74.52275,87.65499,78.98591,83.41822,,,,,,96.32268,,91.89122,89.02628,98.22281,,,,,,,,,,,,,,,,78.97569,87.72313,74.67597,89.68763,90.81941,93.19976,93.31171,93.77652,94.20904,98.18658,97.10087,96.73519,90.78071,90.34079,,
Slovak Republic,,,,,,,,,,,,,,,,,,,,,,,,,,,,,,,,,96.38794,96.41581,98.47004,98.49665,96.61317,96.29746,98.17832,97.04216,95.55487,100.20889,97.4665,97.90714,97.18219,92.60823,92.42933,95.21143,97.57409,99.67372,99.62818,95.70147,93.57112,94.22224,96.59658,95.58026,92.16113,92.26225,,,
Slovenia,,,,,,,,,,,,,,,,,,,,,,,,,,,,,,,,,,,,,,95.39196,99.95167,99.64238,94.97409,97.44723,96.10414,101.38258,,,,,96.52518,96.30742,96.84695,96.52391,102.29501,99.74451,100.34973,98.28545,99.24447,95.38961,,,
Sweden,,,,,,,,,,,,96.27651,95.60969,92.44463,92.41314,93.85879,97.28984,105.18254,104.68614,104.72761,103.01968,96.7259,91.79405,94.1297,97.86726,,,100.5288,98.17699,96.11768,95.97265,96.44181,100.82537,107.15551,105.2565,,,,,100.46844,100.21778,102.01363,102.46903,106.57846,103.08303,99.8227,95.56828,95.35112,93.9293,93.67038,96.42716,100.6608,102.96975,102.25101,100.90069,104.04368,104.95458,104.30685,,,
Eswatini,,,,,,,,,,,41.92391,39.97197,40.64527,49.76767,55.49654,59.19513,61.39183,60.44165,60.38906,59.28591,60.55273,60.61815,62.02592,62.92301,62.50542,62.5777,63.62544,62.2762,65.78284,63.69882,64.09695,61.45406,61.88949,60.39994,61.36127,64.05979,63.24584,67.36396,70.18388,69.89998,71.4955,67.70182,71.23727,69.15261,70.09183,72.9739,73.06968,76.3537,,78.04984,83.8342,84.04153,85.91434,86.24213,86.00265,89.45185,94.75092,97.14265,,,
Sint Maarten (Dutch part),,,,,,,,,,,,,,,,,,,,,,,,,,,,,,,,,,,,,,,,,,,,,,,,,,,,,88.53047,,126.08696,,,,,,
Seychelles,,,,,,,,,,,86.52174,98.58357,108.8033,,107.45501,107.57576,107.83818,106.41509,110.58531,,100.4908,93.93564,92.8839,101.25471,98.10845,97.96438,108.19462,105.47074,89.61202,91.93154,,104.23216,94.2402,96.39752,91.68766,,,100,102.80971,102.43902,100.7722,106.14379,107.14286,107.74366,104.18919,115.20223,,112.29868,112.46246,106.45161,108.58034,112.77603,103.48653,102.37718,107.54717,110.46154,112.68657,99.56585,105.19663,,
Syrian Arab Republic,,,,,,,,,,,,35.40469,38.73159,40.05781,45.12329,47.62613,51.67123,55.43339,58.49584,56.90937,56.96336,59.83125,64.57577,67.65515,71.12017,75.09176,78.31904,79.28619,79.82027,84.84206,84.59758,86.36807,90.77672,83.11391,85.43426,85.80384,88.01019,87.29771,87.60307,88.1798,87.9265,89.48542,91.39439,105.09032,106.20446,108.28401,108.86923,105.99367,104.34555,103.21668,102.83863,106.76614,112.82329,71.91807,,,,,,,
Turks and Caicos Islands,,,,,,,,,,,,,,,,,,,,,,,,,,,,,,,,,,,,,,,,,,,,,,,,,,,,,,,,,,,,,
Chad,,,,,,,,,,,,,,,,,4.92801,4.60521,,,,,,,,,,,3.8924,4.7685,6.31634,7.07094,,,8.32951,6.55236,7.14098,7.67603,,11.21644,12.6553,14.38604,16.47228,20.26418,22.61651,20.32766,20.40082,,,22.70144,23.13397,26.00409,26.27055,29.11142,,29.66903,33.02814,,,,
East Asia & Pacific (IDA & IBRD countries),,,,,,,,,,,,,,,,,,,,,,,,,,,,,,,,,,,,92.22668,88.86732,87.4511,88.60648,89.72312,91.20181,92.80448,92.33049,92.28397,92.1784,92.0013,91.71167,93.18165,96.85618,96.64668,95.95054,94.24492,95.38624,94.97177,91.75336,90.20098,93.24484,95.91511,97.95529,,
Europe & Central Asia (IDA & IBRD countries),,,,,,,,,,,,,,,,,,,,,,,,,,,,,,,,,95.77325,95.24273,94.79606,93.89169,93.67255,93.87774,93.74593,93.45348,93.28099,95.43131,96.44731,95.54177,96.48635,97.79342,96.04561,94.86873,95.51484,96.67577,97.1998,98.40089,97.58064,98.02928,97.77379,98.7505,96.96966,97.3251,97.75418,,
Togo,,,,,,,,,,,,13.00497,16.3171,,,,22.8646,,30.73464,31.82096,33.19535,31.17652,30.65655,30.17625,25.3918,20.02667,20.56595,19.49859,24.01639,18.64191,22.95029,23.2728,23.99969,,18.61522,26.15147,30.16856,,,40.44685,49.3043,56.75227,,60.85577,63.75185,63.50461,63.50028,,56.25743,55.97146,61.04496,62.91439,66.79047,71.56059,78.0849,,89.02214,87.41532,86.85415,,
Thailand,,,,,,,,,,,,,,,,32.95796,35.34769,35.99982,37.38222,,,69.68617,,,,,,,,,,,,,,,,,,87.7242,84.30686,86.24975,,,,,,,,,,,,,,,,94.20303,94.13262,,
Tajikistan,,,,,,,,,,,,,,,,,,,,,,,,,,,,,,,,,,,,,,,,,,,,,,,,,,97.37467,100.57943,101.34891,97.00215,,99.2587,100.74206,94.63933,94.67419,,,
Turkmenistan,,,,,,,,,,,,,,,,,,,,,,,,,,,,,,,,,,,,,,,,,,,,,,,,,,,,,,,,,,,,,
Latin America & the Caribbean (IDA & IBRD countries),,,,,,,,,,,,,,,82.64431,83.18063,84.05072,85.68143,85.84903,86.7499,87.99104,88.84494,89.88487,90.93257,92.11398,91.98659,92.45624,93.12839,93.19137,93.02511,93.86036,93.17605,95.23093,95.46446,95.58141,95.82754,96.206,96.76986,97.27627,97.44015,98.312,98.19848,100.1546,99.01409,97.01018,97.83793,99.03964,100.1781,100.0869,100.0923,100.4036,100.6322,101.4043,101.028,101.19,99.66624,99.43051,99.05557,98.90531,,
Timor-Leste,,,,,,,,,,,,,,,,,,,,,,,,,,,,,,,,,,,,,,,,,,,,,,,,,88.02951,78.24701,76.18416,79.30242,84.8802,91.17949,94.36938,102.88637,101.11522,101.23242,106.34414,,
Middle East & North Africa (IDA & IBRD countries),,,,,,,,,,,33.26945,33.26247,33.61092,35.61132,37.74907,40.68607,42.8463,45.34085,44.70284,42.36601,47.04996,50.79194,52.75197,54.84568,57.82502,62.52441,62.36718,62.96295,64.22128,65.0021,67.40722,68.63297,70.51536,72.31299,72.97645,75.24529,75.91732,76.46963,77.08676,77.61488,76.91149,79.07096,80.38634,81.1918,86.56933,87.6255,82.69259,83.61769,85.23549,84.65506,86.35755,87.58733,89.52131,87.29165,87.60274,87.28041,87.56516,87.1981,88.48122,,
Tonga,,,,,,,,,,,,,,,,,,79.98501,95.28024,109.04449,,126.76168,108.60215,,114.22222,95.41041,101.2624,,,,119.84127,94.53925,,117.84841,,,,,108.69565,110.831,,103.95529,,,,108.08333,105.78374,,,,,,104.03433,110.1114,,,,,,,
South Asia (IDA & IBRD),,,,,,,,,,,29.96521,30.12304,30.6939,31.05226,31.41553,32.51791,33.18309,33.88142,35.36141,36.62355,37.96278,39.37153,40.77971,42.25601,43.78649,45.2979,46.89198,48.4736,49.93215,51.31201,52.61215,53.91229,55.21942,56.49953,57.81798,59.14718,59.109,59.08297,59.05551,59.07925,61.58826,63.2509,66.11532,72.35098,75.05664,77.9026,80.4666,83.15883,85.50567,87.37243,87.06686,86.66469,89.73413,92.18992,93.43306,93.85969,92.91867,92.05092,92.61461,,
Sub-Saharan Africa (IDA & IBRD countries),,,,,,,,,,,,,39.32552,39.86574,40.40445,41.22436,41.92524,43.10513,44.42703,46.0966,46.83489,48.01344,48.79639,49.56992,51.71863,49.85698,49.91601,49.44838,48.71159,47.71933,48.39734,49.00411,48.59462,49.37411,48.59776,48.63044,49.12166,49.02167,48.8642,49.22451,49.29964,50.66011,51.7451,52.90964,53.81257,56.00776,58.75917,58.8604,60.53674,63.92286,64.47174,64.12722,65.14919,65.24038,65.77401,66.24577,66.36591,66.72711,67.08111,,
Trinidad and Tobago,,,,,,,,,,,,,,,,,,,,,,,113.93385,,,92.88689,,,99.60931,,,102.9549,101.29314,97.79651,,,89.42494,91.99972,,101.5442,94.56581,87.95142,,89.96084,96.14485,93.62663,,95.99829,93.25955,95.89386,95.09827,,,,,,,,,,
Tunisia,,,,,,,,,,,,,,42.42206,,,49.02917,52.15935,54.44819,46.39103,47.94138,64.18507,50.94986,53.20924,57.33814,58.98325,62.48853,63.8042,64.6801,69.27417,75.14334,69.56404,,70.22335,77.18714,87.05175,85.39059,87.78173,,87.29212,86.32818,88.19726,93.7279,97.87814,101.91873,105.10288,,103.03221,93.05366,91.12208,100.2215,,,98.75804,101.8626,105.32322,102.67172,100.14847,,,
Turkey,,,,,,,,,,,,,,,,,,,,,,,,,80.71705,83.74735,91.35817,90.20214,102.83798,88.45121,89.44577,91.76134,97.2702,90.69732,90.85356,89.57874,,,,,,,,,94.015,98.65045,95.68248,94.53886,96.56118,97.63805,98.22416,100.95656,98.77327,,90.73625,91.59396,,89.55997,,,
Tuvalu,,,,,,,,,,,,,,,,,,,,,,,,,,,,,,,63.09524,,,112.17391,82.92683,,,,83.62069,,,110.28037,100.95238,108.65385,115.53398,124.27184,125,,,,,,,,88.69565,99.1453,79.66102,,69.42149,,
Tanzania,,,,,,,,,,,,,,,,26.38857,28.72783,,,,,67.14136,78.65297,86.07532,116.81573,,71.90071,70.04303,64.92321,47.8178,,64.56664,55.53471,58.47696,56.2046,,,60.33713,49.68191,59.93385,51.3197,57.04202,60.92142,,58.07775,53.94908,71.02508,81.10155,,103.94889,93.40028,,86.20034,80.77516,,,65.95794,,72.82418,,
Uganda,,,,,,,,,,,,,,,,,,,,,,,28.52655,,,,29.15448,,,,,,,,,,,,,,,53.56103,56.92248,56.816,54.20214,53.75923,,51.09801,56.59532,74.14623,55.98311,53.85968,55.44292,55.76448,59.84823,,55.70804,53.81093,,,
Ukraine,,,,,,,,,,,,,,,,,,,,,,,,,,,,,,,,,,98.78869,95.93332,,,,,99.54275,96.0045,98.97956,101.20916,,,117.372,103.99466,100.41769,97.90706,94.60361,96.11787,96.8407,98.19584,104.27906,103.59474,,,,,,
Upper middle income,,,,,,,,,,,,,,,,,,,,,,,,,,,,,,,,94.95044,94.07405,95.00598,96.2064,94.20723,91.72034,90.7398,91.35605,91.67652,92.44379,93.64477,94.28978,93.75801,94.06993,94.45607,93.63878,94.60978,97.6628,97.2,96.29734,95.17901,95.19263,95.03478,92.39902,90.85089,92.81493,94.07422,95.29445,,
Uruguay,,,,,,,,,,,,,,,69.46354,,68.94728,71.83075,70.96543,71.21017,74.52802,,,,,88.9656,91.27464,94.65615,94.56265,94.74312,97.28613,97.45785,95.03554,96.93737,97.54082,95.91747,96.60588,97.35752,94.75984,97.639,99.72315,96.94335,97.43532,93.52411,92.87468,97.5103,100.92136,105.82055,108.38117,106.81524,104.51321,104.72425,102.74194,102.71294,104.28889,103.90305,104.32125,,,,
United States,,,,,,,,,,,,,,,,,,,,,,,,,,,,,,,,,,,,,,,,,,,,,,,,,,,,,,,,,,97.16603,,,
Uzbekistan,,,,,,,,,,,,,,,,,,,,,,,,,,,,,,,,,,,,,,,,,,100.57417,101.69438,97.29211,95.38106,96.9275,98.67635,96.33711,95.27427,91.73328,91.56287,91.79751,92.44355,95.67549,95.64246,97.63826,96.44022,97.79828,102.46732,,
St. Vincent and the Grenadines,,,,,,,,,,,,,,,,,,,,,,,,,,,,,,,,,,,,,,,,,,,,99.55237,113.92405,,,,105.62977,,93.30049,96.33028,102.46253,108.96018,103.27314,102.05011,101.14286,91.39535,111.22931,,
"Venezuela, RB",,,,,,,,,,,,,,,,,,,,,,,,,,,,,82.75488,83.75694,,86.91505,90.69715,89.82212,,,86.34576,85.54071,,85.55354,86.92368,88.41624,94.64554,91.97767,92.33321,94.45179,98.27355,99.46324,96.23497,96.38665,95.0222,96.58501,97.75418,97.5266,97.74922,96.81315,94.6676,93.10266,,,
British Virgin Islands,,,,,,,,,,,,,,,,,,,,,,,,,,95.93496,,,,,,,,,133.84615,,,,,,,,116.94915,104,113.7931,113.21839,115.34091,94.53552,,96.42857,,90.86538,93.48837,96.33028,91.36364,97.26027,85.91549,94.14634,,,
Virgin Islands (U.S.),,,,,,,,,,,,,,,,,,,,,,,,,,,,,,,,,,,,,,,,,,,,,,,,,,,,,,,,,,,,,
Vietnam,,,,,,,,,,,,,,,,,,,,,,,,,,,,,,,,,,,,,,,,97.69455,97.9974,103.21214,100.08743,98.44403,,,,,,,,,,100.45019,109.79895,105.55155,106.8896,,111.54944,,
Vanuatu,,,,,,,,,,,,,,,,,,,,,,,,,,,,,,,,,81.98884,,72.63752,,,,96.76685,,94.44444,105.80279,,,90.20893,,,85.82646,84.47013,87.17367,86.75198,,,94.92274,,,,,,,
World,,,,,,,,,,,,,,,69.76299,70.24047,70.75562,71.47303,72.02751,72.63943,73.44989,74.1355,74.55382,75.09017,76.03589,76.48485,76.66141,76.4847,76.48858,76.09145,76.47538,76.73286,76.5793,77.44377,78.09446,77.64216,76.82149,76.53121,76.99225,77.43152,78.58244,79.72482,80.38984,81.80384,82.50642,83.44518,84.08296,85.22386,87.00506,87.93575,87.7997,87.25801,88.59903,88.91802,88.54358,88.25904,88.39552,88.65595,89.27576,,
Samoa,,,,,,,,,,,,,,,,,,,,,,,,,,,,,,,,,,,,,,,,89.87584,95.50093,95.03676,,,,,,111.10599,,101.1526,106.39374,108.67537,103.59508,,104.97866,112.0332,109.65424,109.61199,103.75218,,
Kosovo,,,,,,,,,,,,,,,,,,,,,,,,,,,,,,,,,,,,,,,,,,,,,,,,,,,,,,,,,,,,,
"Yemen, Rep.",,,,,,,,,,,,,,,,,,,,,,,,,,,,,,,,,,,,,,,,34.49927,,38.28999,39.37519,43.16569,43.80979,45.66393,,,51.3542,,54.86651,,60.15179,61.38691,,,64.50009,,,,
South Africa,,,,,,,,,,,,,,,,,,,,,,,,,,,,,,,,82.08045,,,,,,,88.05943,82.62821,82.37334,,88.7679,92.5328,95.86746,,,,,,,,,,,89.10528,88.06849,,,,
Zambia,,,,,,,,,,,,,49.02513,51.47142,54.90196,56.68924,57.44362,60.65129,66.17777,66.06561,66.60472,68.7521,70.67912,72.28156,74.81118,,76.83359,,,,,,,,,,,,57.37897,54.98878,53.61972,,53.01361,,64.33739,68.15708,76.99379,80.63481,84.81843,79.81826,102.00436,,87.91347,78.58247,,,,,,,
Zimbabwe,,,,,,,,,,,,,,,,,,,,,,,,,72.26503,,,,,,,,,,,,,,,90.83676,,90.25725,85.99158,85.45497,,,,,,,,,97.96296,98.85495,,,,,,,